"","Part","Task","RT","Acc","Cond","CorsiF","CorsiR"
"1",1,"Stroop","7.0212",1,"1",7,6
"2",1,"Stroop","1.0126",1,"0",7,6
"3",1,"Stroop","0.5890",0,"0",7,6
"4",1,"Stroop","0.6345",1,"0",7,6
"5",1,"Stroop","0.6532",1,"1",7,6
"6",1,"Stroop","0.7689",1,"0",7,6
"7",1,"Stroop","0.5511",1,"1",7,6
"8",1,"Stroop","0.6366",1,"0",7,6
"9",1,"Stroop","0.5854",1,"0",7,6
"10",1,"Stroop","0.8507",1,"0",7,6
"11",1,"Stroop","0.8531",1,"0",7,6
"12",1,"Stroop","0.5693",1,"0",7,6
"13",1,"Stroop","0.7325",1,"0",7,6
"14",1,"Stroop","0.7362",1,"0",7,6
"15",1,"Stroop","0.8369",1,"0",7,6
"16",1,"Stroop","0.7173",1,"1",7,6
"17",1,"Stroop","0.5685",1,"0",7,6
"18",1,"Stroop","0.7853",1,"0",7,6
"19",1,"Stroop","0.8861",1,"1",7,6
"20",1,"Stroop","0.7036",1,"0",7,6
"21",1,"Stroop","0.5523",1,"1",7,6
"22",1,"Stroop","0.7194",0,"0",7,6
"23",1,"Stroop","1.3506",1,"0",7,6
"24",1,"Stroop","0.7680",1,"0",7,6
"25",1,"Stroop","1.5046",1,"0",7,6
"26",1,"Stroop","0.8529",1,"0",7,6
"27",1,"Stroop","0.7348",1,"0",7,6
"28",1,"Stroop","0.5670",1,"0",7,6
"29",1,"Stroop","1.2699",1,"0",7,6
"30",1,"Stroop","0.6518",1,"1",7,6
"31",1,"Stroop","0.5958",1,"1",7,6
"32",1,"Stroop","0.7350",1,"0",7,6
"33",1,"Stroop","4.0706",1,"0",7,6
"34",1,"Stroop","1.0692",1,"0",7,6
"35",1,"Stroop","0.6675",1,"0",7,6
"36",1,"Stroop","1.0194",1,"0",7,6
"37",1,"Stroop","0.9046",1,"0",7,6
"38",1,"Stroop","0.6189",1,"0",7,6
"39",1,"Stroop","0.6846",1,"1",7,6
"40",1,"Stroop","0.9520",1,"0",7,6
"41",1,"Stroop","1.4875",0,"0",7,6
"42",1,"Stroop","0.8188",1,"0",7,6
"43",1,"Stroop","0.8019",1,"0",7,6
"44",1,"Stroop","0.5677",1,"1",7,6
"45",1,"Stroop","1.0928",1,"0",7,6
"46",1,"Stroop","0.9030",1,"0",7,6
"47",1,"Stroop","0.6829",1,"1",7,6
"48",1,"Stroop","1.7051",0,"1",7,6
"49",1,"Stroop","0.8031",1,"0",7,6
"50",1,"Stroop","0.6035",0,"1",7,6
"51",1,"Stroop","1.7716",1,"1",7,6
"52",1,"Stroop","0.7522",1,"0",7,6
"53",1,"Stroop","0.6686",1,"0",7,6
"54",1,"Stroop","0.7538",1,"0",7,6
"55",1,"Stroop","0.9030",1,"0",7,6
"56",1,"Stroop","0.6334",1,"1",7,6
"57",1,"Stroop","1.4899",1,"0",7,6
"58",1,"Stroop","1.4045",1,"0",7,6
"59",1,"Stroop","0.7358",1,"0",7,6
"60",1,"Stroop","1.2036",0,"0",7,6
"61",1,"Stroop","1.0020",1,"0",7,6
"62",1,"Stroop","1.0712",1,"0",7,6
"63",1,"Stroop","0.8191",1,"0",7,6
"64",1,"Stroop","0.9353",1,"1",7,6
"65",1,"Stroop","5.1804",1,"1",7,6
"66",1,"Stroop","0.9528",1,"0",7,6
"67",1,"Stroop","1.1537",1,"0",7,6
"68",1,"Stroop","0.7517",1,"0",7,6
"69",1,"Stroop","0.7358",1,"0",7,6
"70",1,"Stroop","0.7013",1,"1",7,6
"71",1,"Stroop","0.6521",1,"0",7,6
"72",1,"Stroop","0.6839",0,"0",7,6
"73",1,"Stroop","0.7023",1,"0",7,6
"74",1,"Stroop","0.8982",1,"0",7,6
"75",1,"Stroop","0.8016",1,"1",7,6
"76",1,"Stroop","0.5022",1,"0",7,6
"77",1,"Stroop","0.7346",1,"0",7,6
"78",1,"Stroop","0.8004",1,"0",7,6
"79",1,"Stroop","1.0176",1,"0",7,6
"80",1,"Stroop","0.8682",1,"1",7,6
"81",1,"Stroop","0.8670",1,"1",7,6
"82",1,"Stroop","0.6864",1,"1",7,6
"83",1,"Stroop","0.6344",1,"0",7,6
"84",1,"Stroop","0.6689",1,"0",7,6
"85",1,"Stroop","0.5830",1,"0",7,6
"86",1,"Stroop","1.0689",0,"0",7,6
"87",1,"Stroop","0.7861",1,"0",7,6
"88",1,"Stroop","0.6868",1,"0",7,6
"89",1,"Stroop","0.8686",1,"0",7,6
"90",1,"Stroop","0.7363",1,"0",7,6
"91",1,"Stroop","0.8182",1,"0",7,6
"92",1,"Stroop","0.9701",1,"0",7,6
"93",1,"Stroop","0.7351",1,"0",7,6
"94",1,"Stroop","0.8925",1,"0",7,6
"95",1,"Stroop","0.7356",1,"1",7,6
"96",1,"Stroop","1.1874",1,"1",7,6
"97",1,"Posner","0.601800000000708",1,"valid",7,6
"98",1,"Posner","0.485899999998423",1,"valid",7,6
"99",1,"Posner","0.837300000000823",1,"neutral",7,6
"100",1,"Posner","0.786599999999567",1,"invalid",7,6
"101",1,"Posner","0.636499999999955",1,"valid",7,6
"102",1,"Posner","0.703599999999597",1,"invalid",7,6
"103",1,"Posner","0.387599999999566",1,"valid",7,6
"104",1,"Posner","0.985900000000356",1,"neutral",7,6
"105",1,"Posner","0.551199999999199",1,"valid",7,6
"106",1,"Posner","0.434200000001169",1,"valid",7,6
"107",1,"Posner","0.633500000000026",1,"invalid",7,6
"108",1,"Posner","1.00479999999891",1,"neutral",7,6
"109",1,"Posner","0.334900000000289",1,"valid",7,6
"110",1,"Posner","0.602999999999952",1,"invalid",7,6
"111",1,"Posner","0.973100000001409",1,"valid",7,6
"112",1,"Posner","0.366900000000442",1,"neutral",7,6
"113",1,"Posner","0.801199999999312",1,"valid",7,6
"114",1,"Posner","0.920200000001159",1,"valid",7,6
"115",1,"Posner","0.769799999998781",1,"valid",7,6
"116",1,"Posner","0.637800000000766",1,"invalid",7,6
"117",1,"Posner","0.336099999999647",1,"neutral",7,6
"118",1,"Posner","0.768699999999171",1,"invalid",7,6
"119",1,"Posner","0.335700000001111",1,"valid",7,6
"120",1,"Posner","0.353800000000774",1,"neutral",7,6
"121",1,"Posner","0.752500000000055",1,"valid",7,6
"122",1,"Posner","0.586000000000013",1,"neutral",7,6
"123",1,"Posner","0.719200000001138",1,"neutral",7,6
"124",1,"Posner","0.369500000000016",1,"valid",7,6
"125",1,"Posner","1.03809999999964",1,"invalid",7,6
"126",1,"Posner","0.471000000000004",1,"valid",7,6
"127",1,"Posner","0.351900000000342",1,"valid",7,6
"128",1,"Posner","0.669499999999971",1,"invalid",7,6
"129",1,"Posner","0.535799999998858",1,"neutral",7,6
"130",1,"Posner","0.618900000000394",1,"invalid",7,6
"131",1,"Posner","0.670699999999215",1,"valid",7,6
"132",1,"Posner","0.36819999999932",1,"neutral",7,6
"133",1,"Posner","0.351499999999987",1,"valid",7,6
"134",1,"Posner","0.518699999999285",1,"valid",7,6
"135",1,"Posner","0.585900000000379",1,"invalid",7,6
"136",1,"Posner","1.30550000000005",1,"valid",7,6
"137",1,"Posner","0.318599999999606",1,"valid",7,6
"138",1,"Posner","0.754699999999275",1,"invalid",7,6
"139",1,"Posner","0.60349999999994",1,"invalid",7,6
"140",1,"Posner","0.619500000000016",1,"valid",7,6
"141",1,"Posner","0.485000000000014",1,"valid",7,6
"142",1,"Posner","0.535399999998504",1,"valid",7,6
"143",1,"Posner","0.619499999999903",1,"neutral",7,6
"144",1,"Posner","0.486099999999624",1,"neutral",7,6
"145",1,"Posner","0.550799999998958",1,"invalid",7,6
"146",1,"Posner","0.350400000000377",1,"neutral",7,6
"147",1,"Posner","0.518400000000383",1,"valid",7,6
"148",1,"Posner","0.349999999999909",1,"valid",7,6
"149",1,"Posner","0.752800000000661",1,"valid",7,6
"150",1,"Posner","0.451500000000124",1,"valid",7,6
"151",1,"Posner","0.700399999998581",1,"invalid",7,6
"152",1,"Posner","0.351900000000569",1,"neutral",7,6
"153",1,"Posner","0.36859999999956",1,"neutral",7,6
"154",1,"Posner","0.347900000000436",0,"neutral",7,6
"155",1,"Posner","0.434300000000803",1,"valid",7,6
"156",1,"Posner","1.1197000000011",1,"valid",7,6
"157",1,"Posner","0.40369999999939",1,"valid",7,6
"158",1,"Posner","0.802900000000591",1,"invalid",7,6
"159",1,"Posner","0.352099999999609",1,"valid",7,6
"160",1,"Posner","0.820699999999306",1,"invalid",7,6
"161",1,"Posner","1.32159999999953",1,"neutral",7,6
"162",1,"Posner","0.668200000001207",1,"valid",7,6
"163",1,"Posner","0.567099999999527",1,"invalid",7,6
"164",1,"Posner","0.4525000000001",1,"valid",7,6
"165",1,"Posner","0.3837999999987",1,"valid",7,6
"166",1,"Posner","0.66809999999964",1,"invalid",7,6
"167",1,"Posner","0.517900000000282",1,"neutral",7,6
"168",1,"Posner","0.599900000000389",1,"valid",7,6
"169",1,"Posner","0.318299999998999",1,"valid",7,6
"170",1,"Posner","0.651099999999587",1,"valid",7,6
"171",1,"Posner","0.534899999998515",1,"invalid",7,6
"172",1,"Posner","0.568099999999731",1,"invalid",7,6
"173",1,"Posner","0.620199999999159",1,"neutral",7,6
"174",1,"Posner","0.502100000001519",1,"valid",7,6
"175",1,"Posner","0.433600000001661",1,"valid",7,6
"176",1,"Posner","0.402000000000044",1,"neutral",7,6
"177",1,"Posner","0.938000000000102",1,"neutral",7,6
"178",1,"Posner","0.852499999999964",1,"valid",7,6
"179",1,"Posner","0.703499999999849",1,"valid",7,6
"180",1,"Posner","0.635799999998881",1,"invalid",7,6
"181",1,"Posner","0.36770000000115",1,"valid",7,6
"182",1,"Posner","0.48620000000119",1,"neutral",7,6
"183",1,"Posner","1.03580000000079",1,"valid",7,6
"184",1,"Posner","0.518199999999297",1,"invalid",7,6
"185",1,"Posner","0.686699999999064",1,"neutral",7,6
"186",1,"Posner","0.486800000000812",1,"invalid",7,6
"187",1,"Posner","0.318300000000818",1,"valid",7,6
"188",1,"Posner","0.686599999999771",1,"valid",7,6
"189",1,"Posner","0.551999999999907",1,"invalid",7,6
"190",1,"Posner","0.668900000000576",1,"valid",7,6
"191",1,"Posner","0.60340000000042",1,"neutral",7,6
"192",1,"Posner","0.352599999999484",1,"valid",7,6
"193",1,"Posner","0.501599999999826",1,"valid",7,6
"194",1,"Posner","0.433899999998403",1,"neutral",7,6
"195",1,"Posner","0.735999999999876",1,"invalid",7,6
"196",1,"Posner","0.352799999998979",1,"valid",7,6
"197",1,"Posner","1.05590000000052",1,"valid",7,6
"198",1,"Posner","0.785600000001523",1,"invalid",7,6
"199",1,"Posner","0.721400000000358",1,"valid",7,6
"200",1,"Posner","0.318799999998873",1,"neutral",7,6
"201",1,"Posner","1.15379999999868",1,"invalid",7,6
"202",1,"Posner","0.619099999999662",1,"valid",7,6
"203",1,"Posner","0.753700000001118",1,"valid",7,6
"204",1,"Posner","0.786800000000767",1,"neutral",7,6
"205",1,"Posner","0.584900000000516",1,"invalid",7,6
"206",1,"Posner","0.719799999998713",1,"neutral",7,6
"207",1,"Posner","0.669199999999137",1,"valid",7,6
"208",1,"Posner","0.652500000000146",1,"valid",7,6
"209",1,"Posner","0.483699999999317",1,"valid",7,6
"210",1,"Posner","0.384899999998652",1,"invalid",7,6
"211",1,"Posner","0.66889999999853",1,"valid",7,6
"212",1,"Posner","0.818599999999606",1,"neutral",7,6
"213",1,"Posner","0.821400000000267",1,"invalid",7,6
"214",1,"Posner","0.886299999998755",1,"valid",7,6
"215",1,"Posner","0.618700000001127",1,"neutral",7,6
"216",1,"Posner","0.352300000000923",1,"valid",7,6
"217",2,"Stroop","2.3532",1,"0",6,6
"218",2,"Stroop","1.3838",0,"0",6,6
"219",2,"Stroop","1.8455",1,"0",6,6
"220",2,"Stroop","1.0173",1,"1",6,6
"221",2,"Stroop","0.8470",1,"0",6,6
"222",2,"Stroop","1.8972",1,"0",6,6
"223",2,"Stroop","1.2513",1,"0",6,6
"224",2,"Stroop","1.3879",1,"1",6,6
"225",2,"Stroop","1.3747",1,"0",6,6
"226",2,"Stroop","0.8549",1,"1",6,6
"227",2,"Stroop","0.7464",1,"0",6,6
"228",2,"Stroop","0.6317",1,"1",6,6
"229",2,"Stroop","1.5040",1,"0",6,6
"230",2,"Stroop","1.3765",1,"0",6,6
"231",2,"Stroop","1.3512",1,"0",6,6
"232",2,"Stroop","1.1971",0,"0",6,6
"233",2,"Stroop","1.0466",1,"0",6,6
"234",2,"Stroop","1.0240",0,"0",6,6
"235",2,"Stroop","0.6359",1,"0",6,6
"236",2,"Stroop","0.9149",1,"0",6,6
"237",2,"Stroop","1.2661",1,"0",6,6
"238",2,"Stroop","0.6027",1,"1",6,6
"239",2,"Stroop","0.8276",1,"0",6,6
"240",2,"Stroop","1.4130",1,"1",6,6
"241",2,"Stroop","1.2815",1,"0",6,6
"242",2,"Stroop","1.1930",1,"0",6,6
"243",2,"Stroop","1.3022",1,"0",6,6
"244",2,"Stroop","0.6451",1,"1",6,6
"245",2,"Stroop","1.1943",1,"0",6,6
"246",2,"Stroop","0.7985",1,"1",6,6
"247",2,"Stroop","1.2803",1,"0",6,6
"248",2,"Stroop","0.8839",1,"0",6,6
"249",2,"Stroop","1.8907",1,"0",6,6
"250",2,"Stroop","0.7939",1,"0",6,6
"251",2,"Stroop","1.1993",1,"0",6,6
"252",2,"Stroop","1.6355",0,"0",6,6
"253",2,"Stroop","0.9263",1,"0",6,6
"254",2,"Stroop","1.2839",1,"0",6,6
"255",2,"Stroop","0.6547",1,"1",6,6
"256",2,"Stroop","1.0740",1,"1",6,6
"257",2,"Stroop","1.0757",1,"0",6,6
"258",2,"Stroop","1.4575",1,"0",6,6
"259",2,"Stroop","1.7002",1,"1",6,6
"260",2,"Stroop","0.7728",1,"0",6,6
"261",2,"Stroop","1.0668",1,"1",6,6
"262",2,"Stroop","0.7785",1,"0",6,6
"263",2,"Stroop","1.0670",1,"0",6,6
"264",2,"Stroop","1.1205",1,"0",6,6
"265",2,"Stroop","0.7137",1,"0",6,6
"266",2,"Stroop","0.9979",1,"0",6,6
"267",2,"Stroop","0.7381",1,"1",6,6
"268",2,"Stroop","0.4645",1,"0",6,6
"269",2,"Stroop","0.6260",0,"0",6,6
"270",2,"Stroop","1.3157",1,"0",6,6
"271",2,"Stroop","2.0846",1,"1",6,6
"272",2,"Stroop","0.8332",1,"0",6,6
"273",2,"Stroop","0.6668",1,"0",6,6
"274",2,"Stroop","1.0341",1,"1",6,6
"275",2,"Stroop","0.6635",1,"0",6,6
"276",2,"Stroop","1.1081",1,"1",6,6
"277",2,"Stroop","0.6057",1,"0",6,6
"278",2,"Stroop","0.9248",1,"0",6,6
"279",2,"Stroop","1.6074",1,"0",6,6
"280",2,"Stroop","1.3609",1,"0",6,6
"281",2,"Stroop","2.0003",0,"0",6,6
"282",2,"Stroop","0.8996",1,"0",6,6
"283",2,"Stroop","0.7418",1,"0",6,6
"284",2,"Stroop","0.9285",1,"0",6,6
"285",2,"Stroop","0.5730",1,"0",6,6
"286",2,"Stroop","0.5646",1,"1",6,6
"287",2,"Stroop","0.6550",1,"0",6,6
"288",2,"Stroop","0.7661",1,"1",6,6
"289",2,"Stroop","0.7350",1,"0",6,6
"290",2,"Stroop","0.5714",1,"0",6,6
"291",2,"Stroop","0.6059",1,"1",6,6
"292",2,"Stroop","0.5347",1,"0",6,6
"293",2,"Stroop","0.8335",1,"0",6,6
"294",2,"Stroop","0.6168",1,"0",6,6
"295",2,"Stroop","0.6048",1,"0",6,6
"296",2,"Stroop","0.6255",1,"1",6,6
"297",2,"Stroop","0.8324",1,"1",6,6
"298",2,"Stroop","0.7495",1,"1",6,6
"299",2,"Stroop","0.7677",1,"0",6,6
"300",2,"Stroop","0.7891",1,"0",6,6
"301",2,"Stroop","0.7951",1,"1",6,6
"302",2,"Stroop","0.5547",1,"0",6,6
"303",2,"Stroop","0.4543",1,"0",6,6
"304",2,"Stroop","0.8454",1,"0",6,6
"305",2,"Stroop","0.7016",1,"0",6,6
"306",2,"Stroop","1.4435",1,"0",6,6
"307",2,"Stroop","0.9685",1,"0",6,6
"308",2,"Stroop","0.7052",0,"0",6,6
"309",2,"Stroop","1.1521",1,"0",6,6
"310",2,"Stroop","0.9458",1,"0",6,6
"311",2,"Stroop","0.4429",1,"0",6,6
"312",2,"Stroop","0.8765",1,"1",6,6
"313",2,"Posner","0.471000000000004",1,"valid",6,6
"314",2,"Posner","0.75159999990467",1,"invalid",6,6
"315",2,"Posner","0.432500000000005",1,"valid",6,6
"316",2,"Posner","0.51020000028609",1,"neutral",6,6
"317",2,"Posner","0.318800000190777",1,"valid",6,6
"318",2,"Posner","0.3803000001908",1,"valid",6,6
"319",2,"Posner","0.522199999809231",1,"invalid",6,6
"320",2,"Posner","0.444300000190651",1,"neutral",6,6
"321",2,"Posner","0.766300000190654",1,"invalid",6,6
"322",2,"Posner","0.509400000095411",1,"valid",6,6
"323",2,"Posner","0.716499999999996",1,"neutral",6,6
"324",2,"Posner","0.510899999618573",1,"invalid",6,6
"325",2,"Posner","0.565099999904646",1,"valid",6,6
"326",2,"Posner","0.414199999809284",1,"valid",6,6
"327",2,"Posner","0.742699999809247",1,"valid",6,6
"328",2,"Posner","0.752399999618547",1,"neutral",6,6
"329",2,"Posner","0.449400000095466",1,"valid",6,6
"330",2,"Posner","0.571300000190718",1,"invalid",6,6
"331",2,"Posner","0.569300000190651",1,"neutral",6,6
"332",2,"Posner","0.439800000190758",1,"valid",6,6
"333",2,"Posner","0.551300000190736",1,"valid",6,6
"334",2,"Posner","0.594599999904631",1,"valid",6,6
"335",2,"Posner","0.474699999809218",1,"invalid",6,6
"336",2,"Posner","0.427800000190814",1,"neutral",6,6
"337",2,"Posner","0.472699999809265",1,"neutral",6,6
"338",2,"Posner","0.711600000381509",1,"neutral",6,6
"339",2,"Posner","0.426900000095429",1,"valid",6,6
"340",2,"Posner","0.70369999980926",1,"valid",6,6
"341",2,"Posner","0.546700000286137",1,"valid",6,6
"342",2,"Posner","0.491799999713862",1,"invalid",6,6
"343",2,"Posner","0.614699999809204",1,"invalid",6,6
"344",2,"Posner","0.452800000190678",1,"valid",6,6
"345",2,"Posner","0.493200000286151",1,"valid",6,6
"346",2,"Posner","0.522300000190739",1,"neutral",6,6
"347",2,"Posner","0.454399999618545",1,"invalid",6,6
"348",2,"Posner","0.524099999904706",1,"neutral",6,6
"349",2,"Posner","0.385600000381487",1,"valid",6,6
"350",2,"Posner","0.399799999713878",1,"valid",6,6
"351",2,"Posner","0.400499999999965",1,"invalid",6,6
"352",2,"Posner","0.416299999713942",1,"valid",6,6
"353",2,"Posner","0.751700000286064",1,"invalid",6,6
"354",2,"Posner","0.45520000028614",1,"neutral",6,6
"355",2,"Posner","0.365499999999997",1,"valid",6,6
"356",2,"Posner","0.416599999904633",1,"valid",6,6
"357",2,"Posner","0.293999999999983",1,"valid",6,6
"358",2,"Posner","0.445800000190729",1,"invalid",6,6
"359",2,"Posner","0.503700000286017",1,"valid",6,6
"360",2,"Posner","0.425300000190759",1,"neutral",6,6
"361",2,"Posner","0.857100000381479",1,"valid",6,6
"362",2,"Posner","0.333800000190763",1,"valid",6,6
"363",2,"Posner","0.653099999904612",1,"neutral",6,6
"364",2,"Posner","0.469900000095322",1,"invalid",6,6
"365",2,"Posner","0.41759999990461",1,"invalid",6,6
"366",2,"Posner","0.33299999999997",1,"valid",6,6
"367",2,"Posner","0.421199999809232",1,"neutral",6,6
"368",2,"Posner","0.349300000190738",1,"valid",6,6
"369",2,"Posner","0.386699999809252",1,"neutral",6,6
"370",2,"Posner","0.351199999809296",1,"valid",6,6
"371",2,"Posner","0.264999999999986",1,"valid",6,6
"372",2,"Posner","0.487799999713843",1,"invalid",6,6
"373",2,"Posner","0.335400000095319",1,"valid",6,6
"374",2,"Posner","0.550999999999931",1,"invalid",6,6
"375",2,"Posner","0.378800000190722",1,"valid",6,6
"376",2,"Posner","0.44779999971388",1,"neutral",6,6
"377",2,"Posner","0.308300000190798",1,"valid",6,6
"378",2,"Posner","0.700600000381428",1,"invalid",6,6
"379",2,"Posner","0.387799999713934",1,"neutral",6,6
"380",2,"Posner","0.497000000000071",1,"invalid",6,6
"381",2,"Posner","0.330500000000029",1,"valid",6,6
"382",2,"Posner","0.323499999999967",1,"valid",6,6
"383",2,"Posner","0.379200000286119",1,"neutral",6,6
"384",2,"Posner","0.362500000000068",1,"valid",6,6
"385",2,"Posner","0.546099999904641",1,"invalid",6,6
"386",2,"Posner","0.404499999999985",1,"valid",6,6
"387",2,"Posner","0.481099999904586",1,"valid",6,6
"388",2,"Posner","0.432700000286104",1,"invalid",6,6
"389",2,"Posner","0.471599999904583",1,"valid",6,6
"390",2,"Posner","0.414099999904579",1,"neutral",6,6
"391",2,"Posner","0.714099999904647",1,"valid",6,6
"392",2,"Posner","0.446199999809323",1,"neutral",6,6
"393",2,"Posner","0.383599999904618",1,"valid",6,6
"394",2,"Posner","0.430900000095335",1,"neutral",6,6
"395",2,"Posner","0.395900000095367",1,"valid",6,6
"396",2,"Posner","0.29989999961856",0,"invalid",6,6
"397",2,"Posner","0.789999999999964",1,"invalid",6,6
"398",2,"Posner","0.400400000095374",1,"neutral",6,6
"399",2,"Posner","0.462299999713878",1,"valid",6,6
"400",2,"Posner","0.455099999904746",1,"valid",6,6
"401",2,"Posner","0.317699999809292",1,"valid",6,6
"402",2,"Posner","0.460099999904514",1,"valid",6,6
"403",2,"Posner","0.815400000095224",1,"invalid",6,6
"404",2,"Posner","0.44340000009538",1,"valid",6,6
"405",2,"Posner","0.461800000190578",1,"invalid",6,6
"406",2,"Posner","0.458800000190649",1,"neutral",6,6
"407",2,"Posner","0.418199999809076",1,"neutral",6,6
"408",2,"Posner","0.516700000286164",1,"valid",6,6
"409",2,"Posner","0.515299999713761",1,"invalid",6,6
"410",2,"Posner","0.479900000095313",1,"valid",6,6
"411",2,"Posner","0.477199999809272",1,"neutral",6,6
"412",2,"Posner","0.653400000095189",1,"invalid",6,6
"413",2,"Posner","0.484800000190717",1,"valid",6,6
"414",2,"Posner","0.402199999809227",1,"valid",6,6
"415",2,"Posner","0.53449999999998",1,"neutral",6,6
"416",2,"Posner","0.538099999904716",1,"valid",6,6
"417",2,"Posner","0.403799999713783",1,"valid",6,6
"418",2,"Posner","0.488000000000056",1,"neutral",6,6
"419",2,"Posner","0.42719999980909",1,"neutral",6,6
"420",2,"Posner","0.926499999999805",1,"invalid",6,6
"421",2,"Posner","0.539100000381495",1,"valid",6,6
"422",2,"Posner","0.815400000095451",1,"invalid",6,6
"423",2,"Posner","0.529599999904576",1,"valid",6,6
"424",2,"Posner","0.386400000095364",1,"valid",6,6
"425",2,"Posner","0.341199999809078",1,"valid",6,6
"426",2,"Posner","0.405499999999847",1,"valid",6,6
"427",2,"Posner","0.43809999990458",1,"neutral",6,6
"428",2,"Posner","0.748699999809105",1,"invalid",6,6
"429",2,"Posner","0.462700000286077",1,"invalid",6,6
"430",2,"Posner","0.429499999999962",1,"valid",6,6
"431",2,"Posner","0.433500000000095",1,"neutral",6,6
"432",2,"Posner","0.442399999618374",1,"valid",6,6
"433",3,"Stroop","3.5825",1,"0",6,6
"434",3,"Stroop","1.9341",1,"0",6,6
"435",3,"Stroop","1.6003",1,"0",6,6
"436",3,"Stroop","2.6940",1,"1",6,6
"437",3,"Stroop","2.0670",1,"0",6,6
"438",3,"Stroop","1.4833",0,"0",6,6
"439",3,"Stroop","1.5174",0,"0",6,6
"440",3,"Stroop","1.6711",1,"0",6,6
"441",3,"Stroop","1.7545",1,"0",6,6
"442",3,"Stroop","1.4526",1,"1",6,6
"443",3,"Stroop","1.2174",1,"1",6,6
"444",3,"Stroop","1.8047",1,"1",6,6
"445",3,"Stroop","1.7994",1,"0",6,6
"446",3,"Stroop","0.9336",1,"0",6,6
"447",3,"Stroop","1.7284",1,"0",6,6
"448",3,"Stroop","1.7337",1,"0",6,6
"449",3,"Stroop","1.1340",1,"0",6,6
"450",3,"Stroop","0.8007",1,"1",6,6
"451",3,"Stroop","1.1835",0,"0",6,6
"452",3,"Stroop","1.1699",1,"0",6,6
"453",3,"Stroop","1.3000",1,"0",6,6
"454",3,"Stroop","2.4337",1,"0",6,6
"455",3,"Stroop","1.2341",1,"1",6,6
"456",3,"Stroop","1.2474",1,"1",6,6
"457",3,"Stroop","1.3784",1,"0",6,6
"458",3,"Stroop","1.5060",1,"1",6,6
"459",3,"Stroop","1.2507",1,"0",6,6
"460",3,"Stroop","1.4003",1,"0",6,6
"461",3,"Stroop","1.6385",1,"0",6,6
"462",3,"Stroop","2.8937",1,"0",6,6
"463",3,"Stroop","2.0341",1,"0",6,6
"464",3,"Stroop","1.1666",1,"0",6,6
"465",3,"Stroop","8.1667",0,"0",6,6
"466",3,"Stroop","2.0837",1,"0",6,6
"467",3,"Stroop","1.3330",1,"1",6,6
"468",3,"Stroop","1.3674",1,"0",6,6
"469",3,"Stroop","0.9842",1,"0",6,6
"470",3,"Stroop","1.3148",1,"0",6,6
"471",3,"Stroop","1.2831",0,"0",6,6
"472",3,"Stroop","2.8561",1,"1",6,6
"473",3,"Stroop","1.5000",1,"0",6,6
"474",3,"Stroop","1.6391",1,"0",6,6
"475",3,"Stroop","1.6331",1,"0",6,6
"476",3,"Stroop","1.5576",1,"0",6,6
"477",3,"Stroop","1.3672",1,"0",6,6
"478",3,"Stroop","1.1667",1,"1",6,6
"479",3,"Stroop","1.5500",1,"1",6,6
"480",3,"Stroop","2.0672",1,"0",6,6
"481",3,"Stroop","1.9456",1,"0",6,6
"482",3,"Stroop","1.3825",1,"0",6,6
"483",3,"Stroop","2.3497",1,"1",6,6
"484",3,"Stroop","1.2495",0,"0",6,6
"485",3,"Stroop","2.6378",1,"1",6,6
"486",3,"Stroop","3.3999",1,"0",6,6
"487",3,"Stroop","1.1184",1,"1",6,6
"488",3,"Stroop","1.3326",1,"0",6,6
"489",3,"Stroop","1.4500",1,"0",6,6
"490",3,"Stroop","1.7333",1,"0",6,6
"491",3,"Stroop","1.5841",1,"1",6,6
"492",3,"Stroop","1.5668",1,"0",6,6
"493",3,"Stroop","1.2506",0,"0",6,6
"494",3,"Stroop","0.7499",1,"0",6,6
"495",3,"Stroop","1.8711",1,"0",6,6
"496",3,"Stroop","2.4425",1,"0",6,6
"497",3,"Stroop","6.4921",1,"1",6,6
"498",3,"Stroop","2.9332",1,"0",6,6
"499",3,"Stroop","1.7842",1,"0",6,6
"500",3,"Stroop","2.4034",1,"1",6,6
"501",3,"Stroop","2.1343",1,"0",6,6
"502",3,"Stroop","2.0791",1,"0",6,6
"503",3,"Stroop","2.4330",1,"0",6,6
"504",3,"Stroop","1.3875",1,"0",6,6
"505",3,"Stroop","1.6932",1,"0",6,6
"506",3,"Stroop","1.6575",1,"1",6,6
"507",3,"Stroop","2.0957",1,"0",6,6
"508",3,"Stroop","3.4388",1,"1",6,6
"509",3,"Stroop","2.5402",0,"0",6,6
"510",3,"Stroop","2.4505",1,"0",6,6
"511",3,"Stroop","1.8835",1,"0",6,6
"512",3,"Stroop","1.7495",1,"0",6,6
"513",3,"Stroop","2.9672",1,"0",6,6
"514",3,"Stroop","4.6838",1,"0",6,6
"515",3,"Stroop","1.7502",1,"0",6,6
"516",3,"Stroop","1.1000",1,"0",6,6
"517",3,"Stroop","0.6832",1,"0",6,6
"518",3,"Stroop","0.7900",1,"1",6,6
"519",3,"Stroop","1.4775",1,"0",6,6
"520",3,"Stroop","1.9208",1,"0",6,6
"521",3,"Stroop","0.5844",1,"0",6,6
"522",3,"Stroop","2.8713",1,"1",6,6
"523",3,"Stroop","2.2340",1,"0",6,6
"524",3,"Stroop","1.2663",0,"0",6,6
"525",3,"Stroop","0.7832",1,"0",6,6
"526",3,"Stroop","1.1837",0,"0",6,6
"527",3,"Stroop","1.9722",1,"1",6,6
"528",3,"Stroop","1.9330",1,"1",6,6
"529",3,"Posner","0.619499999999903",1,"neutral",6,6
"530",3,"Posner","0.628899999856912",0,"invalid",6,6
"531",3,"Posner","0.346000000000004",1,"valid",6,6
"532",3,"Posner","0.495099999904596",1,"neutral",6,6
"533",3,"Posner","0.39520000004768",1,"valid",6,6
"534",3,"Posner","0.703700000047775",1,"valid",6,6
"535",3,"Posner","0.466599999904588",0,"invalid",6,6
"536",3,"Posner","0.782600000143134",1,"valid",6,6
"537",3,"Posner","0.644999999999982",1,"valid",6,6
"538",3,"Posner","0.566300000190722",1,"valid",6,6
"539",3,"Posner","0.549900000095363",1,"invalid",6,6
"540",3,"Posner","0.521700000047645",1,"neutral",6,6
"541",3,"Posner","0.716200000047593",1,"invalid",6,6
"542",3,"Posner","0.450799999952324",1,"valid",6,6
"543",3,"Posner","0.483799999952339",1,"valid",6,6
"544",3,"Posner","0.812700000047698",1,"neutral",6,6
"545",3,"Posner","0.579100000143058",1,"valid",6,6
"546",3,"Posner","0.517299999952343",1,"valid",6,6
"547",3,"Posner","0.550499999999943",1,"neutral",6,6
"548",3,"Posner","0.366799999952264",1,"valid",6,6
"549",3,"Posner","0.470899999856897",1,"valid",6,6
"550",3,"Posner","0.332699999809279",1,"neutral",6,6
"551",3,"Posner","0.666700000047626",1,"invalid",6,6
"552",3,"Posner","1.15039999985697",1,"invalid",6,6
"553",3,"Posner","0.567000000000007",1,"valid",6,6
"554",3,"Posner","0.33270000004768",1,"valid",6,6
"555",3,"Posner","0.400099999904569",1,"invalid",6,6
"556",3,"Posner","0.754100000143012",1,"invalid",6,6
"557",3,"Posner","0.667399999856912",1,"neutral",6,6
"558",3,"Posner","0.670799999952237",1,"valid",6,6
"559",3,"Posner","0.433900000095377",1,"valid",6,6
"560",3,"Posner","0.387900000095328",1,"neutral",6,6
"561",3,"Posner","0.533799999952407",1,"valid",6,6
"562",3,"Posner","0.350600000143004",1,"valid",6,6
"563",3,"Posner","0.633499999999913",1,"valid",6,6
"564",3,"Posner","0.379200000047717",1,"neutral",6,6
"565",3,"Posner","0.662200000047619",1,"neutral",6,6
"566",3,"Posner","0.567099999904599",1,"invalid",6,6
"567",3,"Posner","0.604599999904622",1,"invalid",6,6
"568",3,"Posner","0.516700000047763",1,"valid",6,6
"569",3,"Posner","0.583200000047668",1,"valid",6,6
"570",3,"Posner","0.662400000095317",1,"invalid",6,6
"571",3,"Posner","0.43530000019075",1,"neutral",6,6
"572",3,"Posner","0.577800000190678",1,"invalid",6,6
"573",3,"Posner","0.615999999999985",1,"valid",6,6
"574",3,"Posner","0.420900000095344",1,"valid",6,6
"575",3,"Posner","0.887599999904637",1,"valid",6,6
"576",3,"Posner","0.588200000047777",1,"neutral",6,6
"577",3,"Posner","0.629000000000019",1,"invalid",6,6
"578",3,"Posner","0.345799999952305",1,"valid",6,6
"579",3,"Posner","0.663000000000011",1,"neutral",6,6
"580",3,"Posner","0.949500000000057",1,"neutral",6,6
"581",3,"Posner","0.650100000143084",1,"valid",6,6
"582",3,"Posner","0.604100000143035",1,"valid",6,6
"583",3,"Posner","0.83299999999997",1,"invalid",6,6
"584",3,"Posner","0.863000000000056",1,"valid",6,6
"585",3,"Posner","0.634000000000015",1,"invalid",6,6
"586",3,"Posner","0.483100000143054",1,"valid",6,6
"587",3,"Posner","0.500900000095271",1,"neutral",6,6
"588",3,"Posner","0.770799999952374",1,"neutral",6,6
"589",3,"Posner","0.420700000047759",1,"valid",6,6
"590",3,"Posner","0.516799999952241",1,"valid",6,6
"591",3,"Posner","0.596000000000004",1,"invalid",6,6
"592",3,"Posner","0.63250000000005",1,"valid",6,6
"593",3,"Posner","0.529099999904588",1,"invalid",6,6
"594",3,"Posner","0.750099999904592",1,"valid",6,6
"595",3,"Posner","0.399900000095386",1,"valid",6,6
"596",3,"Posner","0.795499999999947",1,"valid",6,6
"597",3,"Posner","0.566900000095302",1,"neutral",6,6
"598",3,"Posner","0.583400000095367",1,"neutral",6,6
"599",3,"Posner","0.649900000095386",1,"invalid",6,6
"600",3,"Posner","0.466299999952298",1,"valid",6,6
"601",3,"Posner","0.612600000143061",1,"valid",6,6
"602",3,"Posner","0.612799999952244",1,"invalid",6,6
"603",3,"Posner","0.345900000095412",1,"valid",6,6
"604",3,"Posner","0.732799999952363",1,"valid",6,6
"605",3,"Posner","0.679499999999962",1,"neutral",6,6
"606",3,"Posner","0.616999999999962",1,"invalid",6,6
"607",3,"Posner","0.383299999952328",1,"neutral",6,6
"608",3,"Posner","0.321400000095309",1,"valid",6,6
"609",3,"Posner","0.72950000000003",1,"invalid",6,6
"610",3,"Posner","0.729300000190733",1,"valid",6,6
"611",3,"Posner","0.446000000000026",1,"valid",6,6
"612",3,"Posner","0.600100000143016",1,"invalid",6,6
"613",3,"Posner","0.496099999904573",1,"neutral",6,6
"614",3,"Posner","0.599899999856916",1,"neutral",6,6
"615",3,"Posner","0.566200000047616",1,"valid",6,6
"616",3,"Posner","0.683800000190786",1,"valid",6,6
"617",3,"Posner","0.67940000009537",1,"valid",6,6
"618",3,"Posner","0.429399999856969",1,"valid",6,6
"619",3,"Posner","0.38279999995234",1,"invalid",6,6
"620",3,"Posner","0.87340000009533",1,"valid",6,6
"621",3,"Posner","0.330400000095437",1,"invalid",6,6
"622",3,"Posner","0.361800000190783",1,"valid",6,6
"623",3,"Posner","0.315999999999917",1,"neutral",6,6
"624",3,"Posner","0.795599999904653",1,"neutral",6,6
"625",3,"Posner","0.417099999904622",1,"valid",6,6
"626",3,"Posner","0.317200000047706",1,"invalid",6,6
"627",3,"Posner","0.328999999999951",1,"neutral",6,6
"628",3,"Posner","0.695700000047736",1,"invalid",6,6
"629",3,"Posner","0.345200000047726",1,"valid",6,6
"630",3,"Posner","0.333799999952248",1,"neutral",6,6
"631",3,"Posner","0.367899999856945",1,"valid",6,6
"632",3,"Posner","0.596200000047702",1,"valid",6,6
"633",3,"Posner","0.712700000047676",1,"valid",6,6
"634",3,"Posner","0.516500000000065",1,"valid",6,6
"635",3,"Posner","0.649899999856984",1,"valid",6,6
"636",3,"Posner","0.661600000143039",1,"valid",6,6
"637",3,"Posner","0.632900000095447",1,"neutral",6,6
"638",3,"Posner","0.627799999952344",1,"invalid",6,6
"639",3,"Posner","0.579500000000053",1,"invalid",6,6
"640",3,"Posner","0.596000000000004",1,"neutral",6,6
"641",3,"Posner","0.428899999856867",1,"valid",6,6
"642",3,"Posner","0.583400000095367",1,"valid",6,6
"643",3,"Posner","0.553600000142978",1,"neutral",6,6
"644",3,"Posner","0.399799999952393",1,"valid",6,6
"645",3,"Posner","0.68690000009542",1,"neutral",6,6
"646",3,"Posner","0.353400000095348",1,"valid",6,6
"647",3,"Posner","0.388099999904625",1,"invalid",6,6
"648",3,"Posner","1.19999999999993",1,"invalid",6,6
"649",4,"Stroop","7.631",1,"0",6,7
"650",4,"Stroop","0.848",0,"0",6,7
"651",4,"Stroop","1.662",1,"0",6,7
"652",4,"Stroop","1.317",1,"0",6,7
"653",4,"Stroop","1.733",1,"1",6,7
"654",4,"Stroop","1.389",1,"0",6,7
"655",4,"Stroop","0.978",0,"0",6,7
"656",4,"Stroop","2.416",1,"0",6,7
"657",4,"Stroop","1.731",0,"0",6,7
"658",4,"Stroop","1.250",1,"0",6,7
"659",4,"Stroop","1.411",1,"1",6,7
"660",4,"Stroop","1.133",1,"1",6,7
"661",4,"Stroop","0.868",1,"0",6,7
"662",4,"Stroop","1.264",1,"0",6,7
"663",4,"Stroop","1.016",1,"1",6,7
"664",4,"Stroop","1.266",1,"0",6,7
"665",4,"Stroop","1.082",1,"0",6,7
"666",4,"Stroop","1.196",1,"0",6,7
"667",4,"Stroop","1.749",1,"0",6,7
"668",4,"Stroop","1.514",1,"1",6,7
"669",4,"Stroop","1.064",1,"1",6,7
"670",4,"Stroop","1.550",1,"0",6,7
"671",4,"Stroop","0.964",0,"0",6,7
"672",4,"Stroop","0.985",1,"0",6,7
"673",4,"Stroop","1.092",1,"1",6,7
"674",4,"Stroop","0.900",0,"0",6,7
"675",4,"Stroop","2.600",1,"0",6,7
"676",4,"Stroop","1.219",1,"0",6,7
"677",4,"Stroop","1.366",1,"0",6,7
"678",4,"Stroop","1.161",1,"1",6,7
"679",4,"Stroop","0.949",1,"0",6,7
"680",4,"Stroop","1.097",1,"0",6,7
"681",4,"Stroop","2.134",1,"0",6,7
"682",4,"Stroop","1.181",0,"0",6,7
"683",4,"Stroop","0.798",1,"0",6,7
"684",4,"Stroop","0.951",0,"0",6,7
"685",4,"Stroop","2.344",1,"0",6,7
"686",4,"Stroop","1.097",1,"0",6,7
"687",4,"Stroop","0.885",1,"1",6,7
"688",4,"Stroop","1.197",1,"0",6,7
"689",4,"Stroop","0.800",1,"1",6,7
"690",4,"Stroop","0.613",1,"0",6,7
"691",4,"Stroop","0.919",1,"1",6,7
"692",4,"Stroop","0.964",0,"0",6,7
"693",4,"Stroop","1.931",1,"0",6,7
"694",4,"Stroop","1.131",1,"0",6,7
"695",4,"Stroop","1.415",1,"0",6,7
"696",4,"Stroop","0.760",1,"1",6,7
"697",4,"Stroop","1.030",1,"0",6,7
"698",4,"Stroop","1.402",1,"1",6,7
"699",4,"Stroop","0.864",1,"0",6,7
"700",4,"Stroop","1.163",1,"0",6,7
"701",4,"Stroop","1.235",1,"0",6,7
"702",4,"Stroop","0.966",1,"0",6,7
"703",4,"Stroop","1.400",1,"0",6,7
"704",4,"Stroop","1.883",0,"0",6,7
"705",4,"Stroop","0.897",1,"1",6,7
"706",4,"Stroop","0.899",1,"0",6,7
"707",4,"Stroop","1.100",1,"0",6,7
"708",4,"Stroop","0.799",1,"0",6,7
"709",4,"Stroop","1.533",1,"1",6,7
"710",4,"Stroop","1.041",1,"0",6,7
"711",4,"Stroop","0.747",1,"1",6,7
"712",4,"Stroop","1.315",1,"0",6,7
"713",4,"Stroop","1.986",0,"0",6,7
"714",4,"Stroop","1.280",1,"0",6,7
"715",4,"Stroop","0.980",1,"1",6,7
"716",4,"Stroop","1.252",1,"1",6,7
"717",4,"Stroop","1.035",1,"0",6,7
"718",4,"Stroop","0.932",1,"0",6,7
"719",4,"Stroop","0.733",1,"0",6,7
"720",4,"Stroop","0.666",1,"0",6,7
"721",4,"Stroop","0.830",1,"0",6,7
"722",4,"Stroop","0.946",1,"0",6,7
"723",4,"Stroop","0.863",1,"0",6,7
"724",4,"Stroop","0.615",1,"1",6,7
"725",4,"Stroop","1.185",1,"0",6,7
"726",4,"Stroop","0.748",1,"1",6,7
"727",4,"Stroop","0.755",1,"0",6,7
"728",4,"Stroop","0.727",1,"0",6,7
"729",4,"Stroop","0.798",1,"1",6,7
"730",4,"Stroop","0.965",0,"0",6,7
"731",4,"Stroop","1.066",1,"0",6,7
"732",4,"Stroop","0.597",1,"0",6,7
"733",4,"Stroop","1.251",1,"1",6,7
"734",4,"Stroop","0.985",1,"1",6,7
"735",4,"Stroop","1.050",1,"0",6,7
"736",4,"Stroop","0.786",1,"0",6,7
"737",4,"Stroop","1.861",1,"0",6,7
"738",4,"Stroop","1.049",1,"0",6,7
"739",4,"Stroop","0.629",1,"0",6,7
"740",4,"Stroop","0.747",1,"1",6,7
"741",4,"Stroop","1.114",1,"0",6,7
"742",4,"Stroop","0.730",1,"0",6,7
"743",4,"Stroop","0.700",1,"0",6,7
"744",4,"Stroop","0.782",1,"0",6,7
"745",4,"Posner","0.499000000000024",1,"valid",6,7
"746",4,"Posner","0.432000000000016",1,"neutral",6,7
"747",4,"Posner","0.415999999999997",1,"invalid",6,7
"748",4,"Posner","0.397000000000048",1,"valid",6,7
"749",4,"Posner","0.40100000000001",1,"invalid",6,7
"750",4,"Posner","0.34899999999999",1,"valid",6,7
"751",4,"Posner","0.399999999999977",1,"neutral",6,7
"752",4,"Posner","0.350000000000023",1,"valid",6,7
"753",4,"Posner","0.349999999999966",1,"neutral",6,7
"754",4,"Posner","0.367000000000019",1,"valid",6,7
"755",4,"Posner","0.382999999999981",1,"valid",6,7
"756",4,"Posner","0.414999999999964",1,"valid",6,7
"757",4,"Posner","0.418000000000006",1,"valid",6,7
"758",4,"Posner","0.382999999999981",1,"neutral",6,7
"759",4,"Posner","0.432000000000016",1,"invalid",6,7
"760",4,"Posner","0.432999999999993",1,"invalid",6,7
"761",4,"Posner","0.932999999999993",1,"invalid",6,7
"762",4,"Posner","0.432999999999993",1,"neutral",6,7
"763",4,"Posner","0.40100000000001",1,"valid",6,7
"764",4,"Posner","0.386000000000024",1,"valid",6,7
"765",4,"Posner","0.387",1,"neutral",6,7
"766",4,"Posner","0.365999999999985",1,"valid",6,7
"767",4,"Posner","0.391999999999996",1,"invalid",6,7
"768",4,"Posner","0.434000000000026",1,"valid",6,7
"769",4,"Posner","0.370000000000005",1,"valid",6,7
"770",4,"Posner","0.370999999999981",1,"valid",6,7
"771",4,"Posner","0.367000000000075",1,"valid",6,7
"772",4,"Posner","0.951000000000022",1,"invalid",6,7
"773",4,"Posner","0.383000000000038",1,"valid",6,7
"774",4,"Posner","0.384000000000015",1,"neutral",6,7
"775",4,"Posner","0.350000000000023",1,"neutral",6,7
"776",4,"Posner","0.416999999999916",1,"invalid",6,7
"777",4,"Posner","0.383000000000038",1,"valid",6,7
"778",4,"Posner","0.399000000000001",1,"invalid",6,7
"779",4,"Posner","0.365999999999985",1,"neutral",6,7
"780",4,"Posner","0.40300000000002",1,"neutral",6,7
"781",4,"Posner","0.433999999999969",1,"valid",6,7
"782",4,"Posner","0.366999999999962",1,"valid",6,7
"783",4,"Posner","0.432999999999993",1,"invalid",6,7
"784",4,"Posner","0.350000000000023",1,"valid",6,7
"785",4,"Posner","0.798999999999978",1,"invalid",6,7
"786",4,"Posner","0.350999999999999",1,"neutral",6,7
"787",4,"Posner","0.368000000000052",1,"neutral",6,7
"788",4,"Posner","0.317999999999984",1,"valid",6,7
"789",4,"Posner","0.349000000000046",1,"valid",6,7
"790",4,"Posner","0.370000000000005",1,"valid",6,7
"791",4,"Posner","0.369000000000028",1,"invalid",6,7
"792",4,"Posner","0.383000000000038",1,"valid",6,7
"793",4,"Posner","0.365999999999985",1,"neutral",6,7
"794",4,"Posner","0.466999999999985",1,"invalid",6,7
"795",4,"Posner","0.352999999999952",1,"valid",6,7
"796",4,"Posner","0.384000000000015",1,"invalid",6,7
"797",4,"Posner","0.365999999999985",1,"valid",6,7
"798",4,"Posner","0.367000000000075",1,"neutral",6,7
"799",4,"Posner","0.350000000000023",1,"valid",6,7
"800",4,"Posner","0.350000000000023",1,"valid",6,7
"801",4,"Posner","0.365999999999985",1,"valid",6,7
"802",4,"Posner","0.324999999999932",1,"valid",6,7
"803",4,"Posner","0.350000000000023",1,"invalid",6,7
"804",4,"Posner","0.349999999999909",1,"neutral",6,7
"805",4,"Posner","0.351999999999975",1,"valid",6,7
"806",4,"Posner","0.451000000000022",1,"invalid",6,7
"807",4,"Posner","0.366999999999962",1,"valid",6,7
"808",4,"Posner","0.370999999999981",1,"neutral",6,7
"809",4,"Posner","0.383999999999901",1,"valid",6,7
"810",4,"Posner","0.383000000000038",1,"valid",6,7
"811",4,"Posner","0.380999999999972",1,"invalid",6,7
"812",4,"Posner","0.732999999999947",1,"valid",6,7
"813",4,"Posner","0.370000000000005",1,"neutral",6,7
"814",4,"Posner","0.399999999999977",1,"neutral",6,7
"815",4,"Posner","0.333000000000084",1,"invalid",6,7
"816",4,"Posner","0.301000000000045",1,"valid",6,7
"817",4,"Posner","0.288000000000011",1,"valid",6,7
"818",4,"Posner","0.401000000000067",1,"valid",6,7
"819",4,"Posner","0.463000000000079",1,"invalid",6,7
"820",4,"Posner","0.349999999999909",1,"valid",6,7
"821",4,"Posner","0.416000000000054",1,"invalid",6,7
"822",4,"Posner","0.369000000000028",1,"neutral",6,7
"823",4,"Posner","0.350000000000023",1,"neutral",6,7
"824",4,"Posner","0.333999999999946",1,"valid",6,7
"825",4,"Posner","0.418000000000006",1,"neutral",6,7
"826",4,"Posner","0.317000000000007",1,"valid",6,7
"827",4,"Posner","0.293999999999983",0,"invalid",6,7
"828",4,"Posner","0.382999999999925",1,"valid",6,7
"829",4,"Posner","0.353999999999928",1,"valid",6,7
"830",4,"Posner","0.801000000000045",1,"invalid",6,7
"831",4,"Posner","0.370000000000005",1,"valid",6,7
"832",4,"Posner","0.466000000000008",1,"neutral",6,7
"833",4,"Posner","0.40300000000002",1,"invalid",6,7
"834",4,"Posner","0.362999999999943",1,"valid",6,7
"835",4,"Posner","0.400999999999954",1,"invalid",6,7
"836",4,"Posner","0.399000000000001",1,"valid",6,7
"837",4,"Posner","0.384999999999991",1,"neutral",6,7
"838",4,"Posner","0.365999999999985",1,"neutral",6,7
"839",4,"Posner","0.435000000000059",1,"valid",6,7
"840",4,"Posner","0.354999999999905",1,"valid",6,7
"841",4,"Posner","0.350000000000023",1,"neutral",6,7
"842",4,"Posner","0.325000000000045",1,"neutral",6,7
"843",4,"Posner","0.33400000000006",1,"valid",6,7
"844",4,"Posner","0.41700000000003",1,"invalid",6,7
"845",4,"Posner","0.383000000000038",1,"valid",6,7
"846",4,"Posner","0.428999999999974",1,"invalid",6,7
"847",4,"Posner","0.384000000000015",1,"valid",6,7
"848",4,"Posner","0.392000000000053",1,"valid",6,7
"849",4,"Posner","0.383000000000038",1,"valid",6,7
"850",4,"Posner","0.382999999999925",1,"invalid",6,7
"851",4,"Posner","0.416000000000054",1,"neutral",6,7
"852",4,"Posner","0.368000000000052",1,"valid",6,7
"853",4,"Posner","0.402000000000044",1,"invalid",6,7
"854",4,"Posner","0.382000000000062",1,"valid",6,7
"855",4,"Posner","0.321000000000026",1,"valid",6,7
"856",4,"Posner","0.382999999999925",1,"neutral",6,7
"857",4,"Posner","0.417999999999893",1,"invalid",6,7
"858",4,"Posner","0.782000000000039",1,"invalid",6,7
"859",4,"Posner","0.401000000000067",1,"valid",6,7
"860",4,"Posner","0.333999999999946",1,"valid",6,7
"861",4,"Posner","0.366999999999962",1,"valid",6,7
"862",4,"Posner","0.349000000000046",1,"valid",6,7
"863",4,"Posner","0.449999999999932",1,"neutral",6,7
"864",4,"Posner","0.41700000000003",1,"neutral",6,7
"865",5,"Stroop","4.5875",0,"0",6,6
"866",5,"Stroop","3.9098",1,"0",6,6
"867",5,"Stroop","4.1536",0,"0",6,6
"868",5,"Stroop","3.1776",1,"1",6,6
"869",5,"Stroop","2.5893",1,"0",6,6
"870",5,"Stroop","2.2265",1,"0",6,6
"871",5,"Stroop","3.0947",1,"0",6,6
"872",5,"Stroop","2.0997",1,"1",6,6
"873",5,"Stroop","3.0938",1,"0",6,6
"874",5,"Stroop","2.0166",1,"0",6,6
"875",5,"Stroop","2.1017",1,"0",6,6
"876",5,"Stroop","2.0270",1,"0",6,6
"877",5,"Stroop","4.1444",1,"0",6,6
"878",5,"Stroop","3.0967",1,"1",6,6
"879",5,"Stroop","2.3629",1,"0",6,6
"880",5,"Stroop","1.9330",1,"1",6,6
"881",5,"Stroop","2.1678",1,"1",6,6
"882",5,"Stroop","3.1736",1,"0",6,6
"883",5,"Stroop","2.1650",1,"0",6,6
"884",5,"Stroop","2.9283",1,"0",6,6
"885",5,"Stroop","1.5082",1,"1",6,6
"886",5,"Stroop","1.6693",1,"0",6,6
"887",5,"Stroop","1.6302",1,"0",6,6
"888",5,"Stroop","1.5055",1,"1",6,6
"889",5,"Stroop","2.1095",1,"0",6,6
"890",5,"Stroop","1.1346",1,"0",6,6
"891",5,"Stroop","1.7378",1,"0",6,6
"892",5,"Stroop","0.9958",1,"1",6,6
"893",5,"Stroop","2.1321",1,"0",6,6
"894",5,"Stroop","0.6785",0,"0",6,6
"895",5,"Stroop","2.1591",1,"0",6,6
"896",5,"Stroop","1.2289",1,"0",6,6
"897",5,"Stroop","6.4321",1,"1",6,6
"898",5,"Stroop","2.2604",1,"0",6,6
"899",5,"Stroop","1.7925",1,"0",6,6
"900",5,"Stroop","0.9051",1,"1",6,6
"901",5,"Stroop","1.7609",1,"0",6,6
"902",5,"Stroop","2.8075",1,"0",6,6
"903",5,"Stroop","1.3418",1,"0",6,6
"904",5,"Stroop","1.1979",1,"0",6,6
"905",5,"Stroop","2.3163",1,"0",6,6
"906",5,"Stroop","1.0581",1,"0",6,6
"907",5,"Stroop","1.1974",1,"0",6,6
"908",5,"Stroop","3.4309",0,"0",6,6
"909",5,"Stroop","0.9303",1,"1",6,6
"910",5,"Stroop","1.5058",1,"0",6,6
"911",5,"Stroop","3.1441",1,"1",6,6
"912",5,"Stroop","2.1908",0,"0",6,6
"913",5,"Stroop","1.4955",1,"1",6,6
"914",5,"Stroop","0.8966",1,"0",6,6
"915",5,"Stroop","1.0174",1,"0",6,6
"916",5,"Stroop","0.9609",1,"0",6,6
"917",5,"Stroop","0.4953",1,"0",6,6
"918",5,"Stroop","1.0351",1,"1",6,6
"919",5,"Stroop","1.5818",1,"0",6,6
"920",5,"Stroop","1.7378",1,"1",6,6
"921",5,"Stroop","2.4620",1,"1",6,6
"922",5,"Stroop","1.6310",1,"0",6,6
"923",5,"Stroop","2.6985",1,"0",6,6
"924",5,"Stroop","1.0454",1,"0",6,6
"925",5,"Stroop","1.3312",0,"0",6,6
"926",5,"Stroop","1.7625",1,"0",6,6
"927",5,"Stroop","2.0123",1,"0",6,6
"928",5,"Stroop","4.9281",1,"0",6,6
"929",5,"Stroop","2.8511",0,"0",6,6
"930",5,"Stroop","3.7918",1,"0",6,6
"931",5,"Stroop","1.3011",0,"0",6,6
"932",5,"Stroop","2.3276",1,"0",6,6
"933",5,"Stroop","0.5632",1,"0",6,6
"934",5,"Stroop","1.1278",1,"0",6,6
"935",5,"Stroop","1.0286",1,"1",6,6
"936",5,"Stroop","0.9431",1,"0",6,6
"937",5,"Stroop","0.4951",1,"1",6,6
"938",5,"Stroop","1.0008",1,"0",6,6
"939",5,"Stroop","1.1000",1,"1",6,6
"940",5,"Stroop","1.2691",1,"0",6,6
"941",5,"Stroop","1.8302",1,"0",6,6
"942",5,"Stroop","0.4989",1,"0",6,6
"943",5,"Stroop","1.0045",1,"1",6,6
"944",5,"Stroop","1.0607",1,"0",6,6
"945",5,"Stroop","0.4651",1,"1",6,6
"946",5,"Stroop","0.4759",1,"0",6,6
"947",5,"Stroop","0.9161",1,"0",6,6
"948",5,"Stroop","1.8278",1,"0",6,6
"949",5,"Stroop","0.6700",1,"0",6,6
"950",5,"Stroop","0.9118",1,"0",6,6
"951",5,"Stroop","0.9941",0,"0",6,6
"952",5,"Stroop","1.6780",1,"0",6,6
"953",5,"Stroop","0.9478",1,"1",6,6
"954",5,"Stroop","0.9595",1,"0",6,6
"955",5,"Stroop","1.0425",1,"1",6,6
"956",5,"Stroop","1.5932",1,"0",6,6
"957",5,"Stroop","1.1392",1,"0",6,6
"958",5,"Stroop","0.8940",1,"1",6,6
"959",5,"Stroop","0.4614",1,"0",6,6
"960",5,"Stroop","1.7000",1,"0",6,6
"961",5,"Posner","1.4655999999643",1,"neutral",6,6
"962",5,"Posner","1.06660000002375",1,"invalid",6,6
"963",5,"Posner","1.06680000001211",1,"valid",6,6
"964",5,"Posner","1.2661000000237",1,"invalid",6,6
"965",5,"Posner","0.566699999988032",1,"valid",6,6
"966",5,"Posner","0.5",1,"neutral",6,6
"967",5,"Posner","2.13390000003574",1,"valid",6,6
"968",5,"Posner","0.533199999988256",1,"valid",6,6
"969",5,"Posner","0.766699999988077",1,"valid",6,6
"970",5,"Posner","1.06649999999991",1,"neutral",6,6
"971",5,"Posner","0.666699999988168",1,"valid",6,6
"972",5,"Posner","1.90000000000009",1,"valid",6,6
"973",5,"Posner","2.39930000001186",1,"invalid",6,6
"974",5,"Posner","1.53360000002385",1,"neutral",6,6
"975",5,"Posner","0.566599999964183",1,"invalid",6,6
"976",5,"Posner","0.633199999988165",1,"valid",6,6
"977",5,"Posner","1.63330000001201",1,"invalid",6,6
"978",5,"Posner","0.499699999988025",1,"neutral",6,6
"979",5,"Posner","0.433399999976245",1,"valid",6,6
"980",5,"Posner","1.63330000001179",1,"neutral",6,6
"981",5,"Posner","1.46660000002385",1,"valid",6,6
"982",5,"Posner","1.49939999997628",1,"valid",6,6
"983",5,"Posner","0.600100000023758",1,"invalid",6,6
"984",5,"Posner","0.599799999952438",1,"valid",6,6
"985",5,"Posner","1.63329999995221",1,"valid",6,6
"986",5,"Posner","1.33300000000008",1,"valid",6,6
"987",5,"Posner","1.29980000001183",1,"invalid",6,6
"988",5,"Posner","0.566700000047831",1,"valid",6,6
"989",5,"Posner","2.03309999996418",1,"neutral",6,6
"990",5,"Posner","1.63280000001191",1,"valid",6,6
"991",5,"Posner","1.40019999998799",1,"invalid",6,6
"992",5,"Posner","1.69950000000017",1,"neutral",6,6
"993",5,"Posner","1.49919999998815",1,"valid",6,6
"994",5,"Posner","1.76660000002403",1,"neutral",6,6
"995",5,"Posner","1.0001999999879",1,"valid",6,6
"996",5,"Posner","0.733300000011923",1,"neutral",6,6
"997",5,"Posner","1.5335",1,"invalid",6,6
"998",5,"Posner","1.2661999999882",1,"valid",6,6
"999",5,"Posner","0.632900000035761",1,"invalid",6,6
"1000",5,"Posner","1.50010000002385",1,"valid",6,6
"1001",5,"Posner","0.899100000023964",1,"invalid",6,6
"1002",5,"Posner","1.13300000000004",1,"invalid",6,6
"1003",5,"Posner","1.16660000002389",1,"valid",6,6
"1004",5,"Posner","1.66600000000017",1,"neutral",6,6
"1005",5,"Posner","1.30000000000018",1,"valid",6,6
"1006",5,"Posner","1.43340000003582",1,"valid",6,6
"1007",5,"Posner","0.865300000011757",1,"valid",6,6
"1008",5,"Posner","0.831699999987904",1,"neutral",6,6
"1009",5,"Posner","0.899600000023838",1,"neutral",6,6
"1010",5,"Posner","1.06669999998803",1,"neutral",6,6
"1011",5,"Posner","1.23319999998807",1,"invalid",6,6
"1012",5,"Posner","1.03339999997615",1,"invalid",6,6
"1013",5,"Posner","1.26649999999995",1,"valid",6,6
"1014",5,"Posner","0.566699999988259",1,"valid",6,6
"1015",5,"Posner","1.46680000001174",1,"valid",6,6
"1016",5,"Posner","1.00030000001198",1,"valid",6,6
"1017",5,"Posner","1.09990000003563",1,"invalid",6,6
"1018",5,"Posner","0.466499999999996",1,"neutral",6,6
"1019",5,"Posner","1.00010000002385",1,"valid",6,6
"1020",5,"Posner","1.43319999998789",1,"valid",6,6
"1021",5,"Posner","1.23309999996422",1,"valid",6,6
"1022",5,"Posner","0.499499999999898",1,"invalid",6,6
"1023",5,"Posner","0.599699999987934",1,"neutral",6,6
"1024",5,"Posner","0.533300000012105",0,"valid",6,6
"1025",5,"Posner","0.932400000035841",1,"invalid",6,6
"1026",5,"Posner","1.33329999995249",1,"neutral",6,6
"1027",5,"Posner","0.699300000011817",1,"valid",6,6
"1028",5,"Posner","1.26670000004765",1,"valid",6,6
"1029",5,"Posner","0.533100000023751",1,"neutral",6,6
"1030",5,"Posner","1.59980000001201",1,"valid",6,6
"1031",5,"Posner","1.23299999999995",1,"valid",6,6
"1032",5,"Posner","1.33339999997611",1,"invalid",6,6
"1033",5,"Posner","0.933299999952169",1,"valid",6,6
"1034",5,"Posner","1.46659999996427",1,"neutral",6,6
"1035",5,"Posner","1.19980000001192",1,"invalid",6,6
"1036",5,"Posner","1.43370000004779",1,"invalid",6,6
"1037",5,"Posner","0.666300000011915",1,"valid",6,6
"1038",5,"Posner","1.33360000002381",1,"neutral",6,6
"1039",5,"Posner","1.36660000002371",1,"valid",6,6
"1040",5,"Posner","1.23319999998807",1,"valid",6,6
"1041",5,"Posner","0.832999999999856",1,"valid",6,6
"1042",5,"Posner","0.83319999998821",1,"neutral",6,6
"1043",5,"Posner","1.23280000001182",1,"valid",6,6
"1044",5,"Posner","0.800500000000056",1,"valid",6,6
"1045",5,"Posner","1.23330000001192",1,"invalid",6,6
"1046",5,"Posner","1.39940000003571",1,"neutral",6,6
"1047",5,"Posner","1.23230000001195",1,"invalid",6,6
"1048",5,"Posner","0.799600000023702",1,"valid",6,6
"1049",5,"Posner","0.897600000023886",1,"neutral",6,6
"1050",5,"Posner","0.7333999999762",1,"valid",6,6
"1051",5,"Posner","0.866900000035912",1,"valid",6,6
"1052",5,"Posner","1.86569999998824",1,"neutral",6,6
"1053",5,"Posner","1.13290000003576",1,"invalid",6,6
"1054",5,"Posner","0.466899999976249",1,"valid",6,6
"1055",5,"Posner","1.59969999998816",1,"invalid",6,6
"1056",5,"Posner","1.40009999996414",1,"valid",6,6
"1057",5,"Posner","0.830200000047626",1,"valid",6,6
"1058",5,"Posner","1.29969999998798",1,"invalid",6,6
"1059",5,"Posner","1.83330000001206",1,"invalid",6,6
"1060",5,"Posner","0.599699999987934",1,"neutral",6,6
"1061",5,"Posner","1.93340000003582",1,"valid",6,6
"1062",5,"Posner","1.99980000001187",1,"valid",6,6
"1063",5,"Posner","2.2663999999761",1,"valid",6,6
"1064",5,"Posner","1.40060000002381",1,"neutral",6,6
"1065",5,"Posner","0.999900000035723",1,"valid",6,6
"1066",5,"Posner","0.566899999976158",1,"invalid",6,6
"1067",5,"Posner","1.36649999999986",1,"neutral",6,6
"1068",5,"Posner","1.83319999998821",1,"valid",6,6
"1069",5,"Posner","1.63310000002389",1,"neutral",6,6
"1070",5,"Posner","1.36699999999996",1,"invalid",6,6
"1071",5,"Posner","1.33350000000019",1,"valid",6,6
"1072",5,"Posner","1.7663999999761",1,"valid",6,6
"1073",5,"Posner","1.33329999995226",1,"valid",6,6
"1074",5,"Posner","1.36639999997624",1,"neutral",6,6
"1075",5,"Posner","1.20000000000005",1,"valid",6,6
"1076",5,"Posner","1.76360000002364",1,"neutral",6,6
"1077",5,"Posner","1.49969999998825",1,"valid",6,6
"1078",5,"Posner","1.03339999997615",1,"valid",6,6
"1079",5,"Posner","1.23249999999985",1,"invalid",6,6
"1080",5,"Posner","1.36650000000009",1,"invalid",6,6
"1081",6,"Stroop","7.0206",1,"0",6,4
"1082",6,"Stroop","2.7599",1,"0",6,4
"1083",6,"Stroop","2.1840",1,"0",6,4
"1084",6,"Stroop","0.7868",1,"0",6,4
"1085",6,"Stroop","2.2609",1,"0",6,4
"1086",6,"Stroop","1.6788",1,"1",6,4
"1087",6,"Stroop","2.0172",1,"1",6,4
"1088",6,"Stroop","1.6770",1,"0",6,4
"1089",6,"Stroop","0.7299",1,"0",6,4
"1090",6,"Stroop","1.5808",1,"0",6,4
"1091",6,"Stroop","1.2217",1,"1",6,4
"1092",6,"Stroop","1.1309",1,"1",6,4
"1093",6,"Stroop","1.5559",0,"0",6,4
"1094",6,"Stroop","1.3053",1,"0",6,4
"1095",6,"Stroop","0.5526",1,"0",6,4
"1096",6,"Stroop","1.1316",1,"0",6,4
"1097",6,"Stroop","2.4787",1,"0",6,4
"1098",6,"Stroop","1.4179",1,"0",6,4
"1099",6,"Stroop","2.6597",1,"0",6,4
"1100",6,"Stroop","1.1044",1,"0",6,4
"1101",6,"Stroop","0.7453",1,"0",6,4
"1102",6,"Stroop","1.2547",1,"0",6,4
"1103",6,"Stroop","1.8363",1,"1",6,4
"1104",6,"Stroop","1.1051",1,"1",6,4
"1105",6,"Stroop","2.2829",1,"0",6,4
"1106",6,"Stroop","1.2761",1,"0",6,4
"1107",6,"Stroop","0.6961",1,"0",6,4
"1108",6,"Stroop","0.5071",1,"0",6,4
"1109",6,"Stroop","0.5141",1,"1",6,4
"1110",6,"Stroop","0.9222",0,"0",6,4
"1111",6,"Stroop","1.2293",1,"0",6,4
"1112",6,"Stroop","0.5646",1,"1",6,4
"1113",6,"Stroop","3.8170",1,"0",6,4
"1114",6,"Stroop","1.5749",1,"1",6,4
"1115",6,"Stroop","1.8649",1,"0",6,4
"1116",6,"Stroop","1.8519",1,"1",6,4
"1117",6,"Stroop","0.6532",1,"0",6,4
"1118",6,"Stroop","0.6585",1,"1",6,4
"1119",6,"Stroop","0.9338",1,"1",6,4
"1120",6,"Stroop","0.6359",1,"0",6,4
"1121",6,"Stroop","1.4621",1,"0",6,4
"1122",6,"Stroop","0.7196",1,"0",6,4
"1123",6,"Stroop","1.5337",1,"0",6,4
"1124",6,"Stroop","1.2607",1,"0",6,4
"1125",6,"Stroop","0.5028",1,"0",6,4
"1126",6,"Stroop","1.4233",0,"0",6,4
"1127",6,"Stroop","1.3010",1,"0",6,4
"1128",6,"Stroop","4.4933",1,"0",6,4
"1129",6,"Stroop","1.2225",0,"0",6,4
"1130",6,"Stroop","0.5897",1,"0",6,4
"1131",6,"Stroop","1.1376",1,"0",6,4
"1132",6,"Stroop","1.5655",1,"0",6,4
"1133",6,"Stroop","1.3162",1,"0",6,4
"1134",6,"Stroop","0.4443",1,"0",6,4
"1135",6,"Stroop","1.4516",1,"1",6,4
"1136",6,"Stroop","0.4017",1,"0",6,4
"1137",6,"Stroop","1.1089",1,"0",6,4
"1138",6,"Stroop","0.5476",1,"1",6,4
"1139",6,"Stroop","2.5509",1,"1",6,4
"1140",6,"Stroop","0.4943",1,"0",6,4
"1141",6,"Stroop","1.5148",1,"0",6,4
"1142",6,"Stroop","1.0593",1,"1",6,4
"1143",6,"Stroop","0.9238",1,"0",6,4
"1144",6,"Stroop","1.5323",1,"0",6,4
"1145",6,"Stroop","1.9119",1,"1",6,4
"1146",6,"Stroop","0.9208",1,"0",6,4
"1147",6,"Stroop","1.0233",1,"1",6,4
"1148",6,"Stroop","1.2047",1,"0",6,4
"1149",6,"Stroop","1.3383",1,"0",6,4
"1150",6,"Stroop","0.9706",1,"1",6,4
"1151",6,"Stroop","1.1208",1,"0",6,4
"1152",6,"Stroop","1.4522",1,"0",6,4
"1153",6,"Stroop","2.2038",1,"0",6,4
"1154",6,"Stroop","1.2402",1,"0",6,4
"1155",6,"Stroop","1.3768",0,"0",6,4
"1156",6,"Stroop","0.6313",1,"0",6,4
"1157",6,"Stroop","0.7584",1,"1",6,4
"1158",6,"Stroop","1.3146",1,"0",6,4
"1159",6,"Stroop","1.6818",1,"0",6,4
"1160",6,"Stroop","1.2581",1,"0",6,4
"1161",6,"Stroop","1.1885",1,"0",6,4
"1162",6,"Stroop","0.9544",1,"0",6,4
"1163",6,"Stroop","0.5235",1,"1",6,4
"1164",6,"Stroop","0.9609",0,"0",6,4
"1165",6,"Stroop","1.1630",1,"0",6,4
"1166",6,"Stroop","0.8807",1,"0",6,4
"1167",6,"Stroop","1.0024",1,"0",6,4
"1168",6,"Stroop","1.1411",1,"0",6,4
"1169",6,"Stroop","0.4778",1,"0",6,4
"1170",6,"Stroop","0.4520",1,"1",6,4
"1171",6,"Stroop","0.9249",1,"1",6,4
"1172",6,"Stroop","0.8623",1,"0",6,4
"1173",6,"Stroop","0.4394",1,"1",6,4
"1174",6,"Stroop","1.4912",1,"0",6,4
"1175",6,"Stroop","1.0373",1,"0",6,4
"1176",6,"Stroop","1.0091",1,"0",6,4
"1177",6,"Posner","0.782299999999793",0,"valid",6,4
"1178",6,"Posner","0.799200000000212",0,"valid",6,4
"1179",6,"Posner","0.786299999999812",0,"invalid",6,4
"1180",6,"Posner","0.999900000000366",0,"neutral",6,4
"1181",6,"Posner","0.56879999999984",0,"neutral",6,4
"1182",6,"Posner","0.689299999999776",0,"valid",6,4
"1183",6,"Posner","0.769799999999805",0,"invalid",6,4
"1184",6,"Posner","0.802499999999952",0,"valid",6,4
"1185",6,"Posner","0.619200000000205",0,"neutral",6,4
"1186",6,"Posner","0.832900000000393",0,"valid",6,4
"1187",6,"Posner","0.703299999999786",0,"valid",6,4
"1188",6,"Posner","0.933500000000038",0,"valid",6,4
"1189",6,"Posner","0.685799999999801",0,"invalid",6,4
"1190",6,"Posner","0.83310000000057",0,"invalid",6,4
"1191",6,"Posner","0.736700000000212",0,"valid",6,4
"1192",6,"Posner","0.682000000000016",0,"neutral",6,4
"1193",6,"Posner","0.54849999999999",0,"invalid",6,4
"1194",6,"Posner","0.752999999999986",0,"valid",6,4
"1195",6,"Posner","0.617400000000373",0,"neutral",6,4
"1196",6,"Posner","0.551899999999421",0,"valid",6,4
"1197",6,"Posner","0.615499999999997",0,"valid",6,4
"1198",6,"Posner","0.588999999999999",0,"invalid",6,4
"1199",6,"Posner","0.552400000000375",0,"valid",6,4
"1200",6,"Posner","0.702899999999431",0,"neutral",6,4
"1201",6,"Posner","0.702099999999632",0,"valid",6,4
"1202",6,"Posner","0.472000000000037",0,"invalid",6,4
"1203",6,"Posner","0.533999999999992",0,"valid",6,4
"1204",6,"Posner","1.40800000000002",1,"invalid",6,4
"1205",6,"Posner","1.75240000000036",0,"valid",6,4
"1206",6,"Posner","0.80279999999982",0,"neutral",6,4
"1207",6,"Posner","0.47169999999926",0,"neutral",6,4
"1208",6,"Posner","1.02010000000053",0,"valid",6,4
"1209",6,"Posner","0.816200000000208",0,"neutral",6,4
"1210",6,"Posner","0.720099999999661",0,"valid",6,4
"1211",6,"Posner","0.430900000000349",0,"valid",6,4
"1212",6,"Posner","0.786300000000722",0,"valid",6,4
"1213",6,"Posner","0.414500000000032",0,"neutral",6,4
"1214",6,"Posner","1.21790000000033",0,"invalid",6,4
"1215",6,"Posner","0.519000000000005",0,"invalid",6,4
"1216",6,"Posner","0.451999999999998",0,"valid",6,4
"1217",6,"Posner","0.937099999999646",0,"neutral",6,4
"1218",6,"Posner","0.68200000000013",0,"neutral",6,4
"1219",6,"Posner","0.631999999999948",0,"invalid",6,4
"1220",6,"Posner","0.665299999999775",0,"valid",6,4
"1221",6,"Posner","0.572899999999436",0,"invalid",6,4
"1222",6,"Posner","0.602299999999786",0,"valid",6,4
"1223",6,"Posner","0.836500000000001",0,"valid",6,4
"1224",6,"Posner","0.732000000000085",0,"valid",6,4
"1225",6,"Posner","0.635900000000447",0,"valid",6,4
"1226",6,"Posner","0.53559999999959",0,"neutral",6,4
"1227",6,"Posner","0.498400000000402",0,"valid",6,4
"1228",6,"Posner","0.450100000000589",0,"invalid",6,4
"1229",6,"Posner","0.920700000000124",0,"valid",6,4
"1230",6,"Posner","0.602599999999597",0,"invalid",6,4
"1231",6,"Posner","0.736999999999966",0,"neutral",6,4
"1232",6,"Posner","0.782299999999736",0,"valid",6,4
"1233",6,"Posner","0.581400000000372",0,"invalid",6,4
"1234",6,"Posner","0.736200000000281",0,"valid",6,4
"1235",6,"Posner","0.468099999999595",0,"neutral",6,4
"1236",6,"Posner","0.732100000000514",0,"valid",6,4
"1237",6,"Posner","0.581799999999816",0,"neutral",6,4
"1238",6,"Posner","0.501899999999523",0,"invalid",6,4
"1239",6,"Posner","0.769199999999273",0,"valid",6,4
"1240",6,"Posner","0.715399999999363",0,"valid",6,4
"1241",6,"Posner","0.472099999999614",0,"neutral",6,4
"1242",6,"Posner","0.786200000000235",0,"valid",6,4
"1243",6,"Posner","0.404599999999618",0,"invalid",6,4
"1244",6,"Posner","0.435200000000236",0,"valid",6,4
"1245",6,"Posner","0.435200000000123",0,"valid",6,4
"1246",6,"Posner","0.598599999999578",0,"neutral",6,4
"1247",6,"Posner","0.919999999999959",0,"valid",6,4
"1248",6,"Posner","0.498400000000288",0,"invalid",6,4
"1249",6,"Posner","0.535299999999893",0,"neutral",6,4
"1250",6,"Posner","0.498300000000768",0,"neutral",6,4
"1251",6,"Posner","0.498400000000402",0,"valid",6,4
"1252",6,"Posner","0.501399999999421",0,"valid",6,4
"1253",6,"Posner","0.397799999999847",0,"valid",6,4
"1254",6,"Posner","0.434699999999225",0,"invalid",6,4
"1255",6,"Posner","0.431200000000104",0,"invalid",6,4
"1256",6,"Posner","0.468399999999406",0,"valid",6,4
"1257",6,"Posner","0.901100000000497",1,"valid",6,4
"1258",6,"Posner","0.518700000000194",1,"neutral",6,4
"1259",6,"Posner","0.702700000000164",1,"invalid",6,4
"1260",6,"Posner","0.850100000000566",1,"valid",6,4
"1261",6,"Posner","0.431500000000028",1,"valid",6,4
"1262",6,"Posner","0.518799999999828",1,"neutral",6,4
"1263",6,"Posner","0.485299999999825",1,"valid",6,4
"1264",6,"Posner","1.01640000000032",1,"invalid",6,4
"1265",6,"Posner","0.484599999999546",1,"invalid",6,4
"1266",6,"Posner","1.15009999999961",1,"valid",6,4
"1267",6,"Posner","0.585500000000025",1,"invalid",6,4
"1268",6,"Posner","0.401800000000776",1,"neutral",6,4
"1269",6,"Posner","0.564499999999953",1,"valid",6,4
"1270",6,"Posner","0.618999999999915",1,"valid",6,4
"1271",6,"Posner","0.818599999999606",1,"neutral",6,4
"1272",6,"Posner","0.973900000000412",1,"valid",6,4
"1273",6,"Posner","0.802900000000363",1,"valid",6,4
"1274",6,"Posner","0.732500000000073",1,"invalid",6,4
"1275",6,"Posner","0.772299999999746",1,"neutral",6,4
"1276",6,"Posner","0.351499999999987",1,"valid",6,4
"1277",6,"Posner","0.347499999999968",1,"valid",6,4
"1278",6,"Posner","1.07110000000057",1,"invalid",6,4
"1279",6,"Posner","0.668900000000349",1,"valid",6,4
"1280",6,"Posner","0.61529999999982",1,"neutral",6,4
"1281",6,"Posner","0.753000000000043",1,"valid",6,4
"1282",6,"Posner","0.952900000000341",1,"valid",6,4
"1283",6,"Posner","0.940399999999386",1,"neutral",6,4
"1284",6,"Posner","0.719099999999685",1,"invalid",6,4
"1285",6,"Posner","0.431200000000217",1,"valid",6,4
"1286",6,"Posner","0.635300000000711",1,"invalid",6,4
"1287",6,"Posner","0.43429999999978",1,"neutral",6,4
"1288",6,"Posner","0.318400000000338",1,"valid",6,4
"1289",6,"Posner","1.17420000000027",1,"valid",6,4
"1290",6,"Posner","0.749299999999835",1,"invalid",6,4
"1291",6,"Posner","0.585200000000214",1,"invalid",6,4
"1292",6,"Posner","0.451599999999644",1,"valid",6,4
"1293",6,"Posner","0.552299999999832",1,"neutral",6,4
"1294",6,"Posner","0.803499999999985",1,"valid",6,4
"1295",6,"Posner","0.53550000000007",1,"neutral",6,4
"1296",6,"Posner","0.786400000000299",1,"valid",6,4
"1297",7,"Stroop","1.3498",1,"0",7,5
"1298",7,"Stroop","2.0443",1,"0",7,5
"1299",7,"Stroop","1.7858",1,"0",7,5
"1300",7,"Stroop","2.4843",1,"1",7,5
"1301",7,"Stroop","1.8219",1,"1",7,5
"1302",7,"Stroop","2.3507",1,"0",7,5
"1303",7,"Stroop","2.1492",1,"0",7,5
"1304",7,"Stroop","2.4176",1,"0",7,5
"1305",7,"Stroop","2.2525",1,"0",7,5
"1306",7,"Stroop","1.7457",1,"0",7,5
"1307",7,"Stroop","2.3461",0,"0",7,5
"1308",7,"Stroop","1.5506",1,"0",7,5
"1309",7,"Stroop","1.3566",1,"1",7,5
"1310",7,"Stroop","1.7674",1,"0",7,5
"1311",7,"Stroop","1.0227",1,"1",7,5
"1312",7,"Stroop","1.4627",1,"0",7,5
"1313",7,"Stroop","1.6894",1,"0",7,5
"1314",7,"Stroop","1.6039",1,"0",7,5
"1315",7,"Stroop","1.8426",1,"0",7,5
"1316",7,"Stroop","2.3135",1,"0",7,5
"1317",7,"Stroop","1.9955",1,"1",7,5
"1318",7,"Stroop","1.6168",1,"0",7,5
"1319",7,"Stroop","1.5005",1,"1",7,5
"1320",7,"Stroop","1.5165",1,"0",7,5
"1321",7,"Stroop","1.4068",1,"0",7,5
"1322",7,"Stroop","1.4332",1,"1",7,5
"1323",7,"Stroop","2.4124",1,"0",7,5
"1324",7,"Stroop","1.6673",0,"0",7,5
"1325",7,"Stroop","1.7214",1,"0",7,5
"1326",7,"Stroop","1.5852",1,"1",7,5
"1327",7,"Stroop","1.6840",1,"0",7,5
"1328",7,"Stroop","1.4381",1,"0",7,5
"1329",7,"Stroop","3.1391",1,"0",7,5
"1330",7,"Stroop","1.9089",1,"0",7,5
"1331",7,"Stroop","1.3028",1,"1",7,5
"1332",7,"Stroop","1.8121",1,"0",7,5
"1333",7,"Stroop","0.7016",1,"1",7,5
"1334",7,"Stroop","1.3708",1,"0",7,5
"1335",7,"Stroop","1.1833",1,"0",7,5
"1336",7,"Stroop","1.1502",1,"0",7,5
"1337",7,"Stroop","0.7403",0,"0",7,5
"1338",7,"Stroop","1.7048",1,"1",7,5
"1339",7,"Stroop","1.2800",1,"0",7,5
"1340",7,"Stroop","1.3723",1,"0",7,5
"1341",7,"Stroop","1.9413",1,"0",7,5
"1342",7,"Stroop","2.1674",1,"0",7,5
"1343",7,"Stroop","1.7896",1,"0",7,5
"1344",7,"Stroop","1.4940",1,"1",7,5
"1345",7,"Stroop","1.6088",1,"1",7,5
"1346",7,"Stroop","2.4402",1,"0",7,5
"1347",7,"Stroop","1.3671",1,"1",7,5
"1348",7,"Stroop","1.5506",1,"0",7,5
"1349",7,"Stroop","1.5195",1,"1",7,5
"1350",7,"Stroop","1.3613",1,"0",7,5
"1351",7,"Stroop","2.0578",0,"0",7,5
"1352",7,"Stroop","0.9669",1,"0",7,5
"1353",7,"Stroop","1.5839",1,"0",7,5
"1354",7,"Stroop","2.0625",1,"0",7,5
"1355",7,"Stroop","1.8338",1,"0",7,5
"1356",7,"Stroop","1.5380",1,"0",7,5
"1357",7,"Stroop","1.7943",1,"0",7,5
"1358",7,"Stroop","1.3857",1,"0",7,5
"1359",7,"Stroop","1.3290",1,"0",7,5
"1360",7,"Stroop","1.1170",1,"1",7,5
"1361",7,"Stroop","2.3856",1,"0",7,5
"1362",7,"Stroop","1.2093",1,"1",7,5
"1363",7,"Stroop","0.9846",1,"0",7,5
"1364",7,"Stroop","6.1331",1,"0",7,5
"1365",7,"Stroop","0.9007",1,"0",7,5
"1366",7,"Stroop","1.6200",1,"0",7,5
"1367",7,"Stroop","1.6674",1,"0",7,5
"1368",7,"Stroop","1.1035",0,"0",7,5
"1369",7,"Stroop","1.3185",1,"1",7,5
"1370",7,"Stroop","1.1666",1,"0",7,5
"1371",7,"Stroop","1.2335",1,"0",7,5
"1372",7,"Stroop","1.2007",1,"1",7,5
"1373",7,"Stroop","1.4520",1,"1",7,5
"1374",7,"Stroop","1.8546",1,"0",7,5
"1375",7,"Stroop","1.2359",1,"0",7,5
"1376",7,"Stroop","0.9132",1,"0",7,5
"1377",7,"Stroop","1.2905",0,"0",7,5
"1378",7,"Stroop","1.3836",1,"0",7,5
"1379",7,"Stroop","1.3579",1,"0",7,5
"1380",7,"Stroop","1.1339",1,"0",7,5
"1381",7,"Stroop","2.1374",1,"0",7,5
"1382",7,"Stroop","1.5706",1,"1",7,5
"1383",7,"Stroop","2.9457",1,"1",7,5
"1384",7,"Stroop","1.5667",1,"0",7,5
"1385",7,"Stroop","1.5044",1,"0",7,5
"1386",7,"Stroop","1.1998",1,"1",7,5
"1387",7,"Stroop","1.2838",1,"1",7,5
"1388",7,"Stroop","1.5331",1,"0",7,5
"1389",7,"Stroop","1.1505",1,"0",7,5
"1390",7,"Stroop","1.2008",1,"0",7,5
"1391",7,"Stroop","1.4680",1,"0",7,5
"1392",7,"Stroop","2.3352",1,"0",7,5
"1393",7,"Posner","0.498600000023885",1,"valid",7,5
"1394",7,"Posner","0.616099999904634",1,"valid",7,5
"1395",7,"Posner","0.5166000000238",1,"valid",7,5
"1396",7,"Posner","0.366300000071533",1,"invalid",7,5
"1397",7,"Posner","0.549800000071514",1,"neutral",7,5
"1398",7,"Posner","0.516700000047706",1,"valid",7,5
"1399",7,"Posner","0.799899999976162",1,"invalid",7,5
"1400",7,"Posner","0.749800000071502",1,"neutral",7,5
"1401",7,"Posner","0.712900000095374",1,"valid",7,5
"1402",7,"Posner","0.783199999928513",1,"neutral",7,5
"1403",7,"Posner","0.583599999904663",1,"invalid",7,5
"1404",7,"Posner","0.399299999952291",1,"valid",7,5
"1405",7,"Posner","0.415899999976148",1,"valid",7,5
"1406",7,"Posner","0.316400000095371",1,"invalid",7,5
"1407",7,"Posner","0.483499999999992",1,"valid",7,5
"1408",7,"Posner","0.733000000000004",1,"neutral",7,5
"1409",7,"Posner","0.483299999952351",1,"valid",7,5
"1410",7,"Posner","0.866199999928483",1,"valid",7,5
"1411",7,"Posner","0.299700000047721",1,"valid",7,5
"1412",7,"Posner","0.69989999997614",1,"valid",7,5
"1413",7,"Posner","0.614799999952311",1,"invalid",7,5
"1414",7,"Posner","0.449799999952347",1,"neutral",7,5
"1415",7,"Posner","0.583399999976166",1,"invalid",7,5
"1416",7,"Posner","0.499899999976151",1,"neutral",7,5
"1417",7,"Posner","0.382699999928491",1,"valid",7,5
"1418",7,"Posner","0.382700000047691",1,"neutral",7,5
"1419",7,"Posner","0.483199999928445",1,"invalid",7,5
"1420",7,"Posner","0.366599999904679",1,"valid",7,5
"1421",7,"Posner","0.43330000007154",1,"invalid",7,5
"1422",7,"Posner","0.616300000071533",1,"valid",7,5
"1423",7,"Posner","0.650100000023826",1,"neutral",7,5
"1424",7,"Posner","0.333399999976166",1,"valid",7,5
"1425",7,"Posner","0.299299999952325",1,"neutral",7,5
"1426",7,"Posner","0.582299999952284",1,"valid",7,5
"1427",7,"Posner","0.56669999992846",1,"neutral",7,5
"1428",7,"Posner","0.283000000000015",1,"valid",7,5
"1429",7,"Posner","0.699699999928498",1,"invalid",7,5
"1430",7,"Posner","0.366199999928483",1,"valid",7,5
"1431",7,"Posner","0.34889999997614",1,"invalid",7,5
"1432",7,"Posner","0.849499999999978",1,"valid",7,5
"1433",7,"Posner","0.382499999999993",1,"invalid",7,5
"1434",7,"Posner","0.582800000071529",1,"neutral",7,5
"1435",7,"Posner","0.383100000023887",1,"valid",7,5
"1436",7,"Posner","0.566200000047672",1,"invalid",7,5
"1437",7,"Posner","0.449700000047642",1,"neutral",7,5
"1438",7,"Posner","0.749200000047722",1,"valid",7,5
"1439",7,"Posner","0.266500000000008",1,"valid",7,5
"1440",7,"Posner","0.617000000000019",1,"valid",7,5
"1441",7,"Posner","0.565799999952333",1,"valid",7,5
"1442",7,"Posner","0.582699999928479",1,"valid",7,5
"1443",7,"Posner","0.317000000000007",1,"valid",7,5
"1444",7,"Posner","0.482899999976155",1,"neutral",7,5
"1445",7,"Posner","0.566899999976158",1,"invalid",7,5
"1446",7,"Posner","0.349600000023827",1,"invalid",7,5
"1447",7,"Posner","0.650000000000034",1,"valid",7,5
"1448",7,"Posner","0.649700000047687",1,"neutral",7,5
"1449",7,"Posner","0.566900000095359",1,"invalid",7,5
"1450",7,"Posner","0.366499999999974",1,"valid",7,5
"1451",7,"Posner","0.366200000047684",1,"invalid",7,5
"1452",7,"Posner","0.64939999997614",1,"valid",7,5
"1453",7,"Posner","0.583099999904618",1,"valid",7,5
"1454",7,"Posner","1.03300000000002",1,"neutral",7,5
"1455",7,"Posner","0.51600000000002",1,"valid",7,5
"1456",7,"Posner","0.61650000000003",1,"neutral",7,5
"1457",7,"Posner","0.349499999999978",1,"invalid",7,5
"1458",7,"Posner","0.849700000047733",1,"invalid",7,5
"1459",7,"Posner","0.532800000071518",1,"neutral",7,5
"1460",7,"Posner","0.283299999952362",1,"valid",7,5
"1461",7,"Posner","0.216099999904657",0,"valid",7,5
"1462",7,"Posner","0.516399999976159",1,"valid",7,5
"1463",7,"Posner","0.416600000023891",1,"valid",7,5
"1464",7,"Posner","0.669799999952318",1,"neutral",7,5
"1465",7,"Posner","0.933100000023842",1,"invalid",7,5
"1466",7,"Posner","0.565799999952276",1,"valid",7,5
"1467",7,"Posner","0.516200000047718",1,"neutral",7,5
"1468",7,"Posner","0.463699999928451",1,"valid",7,5
"1469",7,"Posner","0.482800000071506",1,"valid",7,5
"1470",7,"Posner","0.416399999976193",1,"neutral",7,5
"1471",7,"Posner","0.383000000000038",1,"valid",7,5
"1472",7,"Posner","0.599299999952336",1,"invalid",7,5
"1473",7,"Posner","0.665499999999952",1,"valid",7,5
"1474",7,"Posner","0.233000000000061",1,"valid",7,5
"1475",7,"Posner","0.283400000095298",1,"valid",7,5
"1476",7,"Posner","0.416200000047752",1,"neutral",7,5
"1477",7,"Posner","0.566199999928472",1,"invalid",7,5
"1478",7,"Posner","0.400000000000091",1,"neutral",7,5
"1479",7,"Posner","0.783000000000015",1,"invalid",7,5
"1480",7,"Posner","0.432399999976155",1,"valid",7,5
"1481",7,"Posner","0.398799999952303",1,"invalid",7,5
"1482",7,"Posner","0.649499999999989",1,"neutral",7,5
"1483",7,"Posner","0.746099999904686",1,"invalid",7,5
"1484",7,"Posner","0.316599999904611",1,"valid",7,5
"1485",7,"Posner","0.529600000023947",1,"valid",7,5
"1486",7,"Posner","0.449499999999944",1,"neutral",7,5
"1487",7,"Posner","0.465399999976057",1,"valid",7,5
"1488",7,"Posner","0.367100000023811",1,"valid",7,5
"1489",7,"Posner","0.598100000023805",1,"invalid",7,5
"1490",7,"Posner","0.465700000047605",1,"neutral",7,5
"1491",7,"Posner","0.582799999952272",1,"valid",7,5
"1492",7,"Posner","0.29979999995237",1,"valid",7,5
"1493",7,"Posner","0.716899999976135",1,"invalid",7,5
"1494",7,"Posner","0.662799999952313",1,"valid",7,5
"1495",7,"Posner","0.316700000047717",1,"valid",7,5
"1496",7,"Posner","0.362700000047653",1,"neutral",7,5
"1497",7,"Posner","0.599200000047631",1,"valid",7,5
"1498",7,"Posner","0.416499999999928",1,"neutral",7,5
"1499",7,"Posner","0.399499999999989",1,"invalid",7,5
"1500",7,"Posner","0.416500000000042",1,"invalid",7,5
"1501",7,"Posner","0.482600000023922",1,"neutral",7,5
"1502",7,"Posner","0.533000000000015",1,"valid",7,5
"1503",7,"Posner","0.91599999999994",1,"valid",7,5
"1504",7,"Posner","0.383100000023887",1,"valid",7,5
"1505",7,"Posner","0.466300000071442",1,"valid",7,5
"1506",7,"Posner","0.299699999928521",1,"valid",7,5
"1507",7,"Posner","0.282700000047726",1,"valid",7,5
"1508",7,"Posner","0.532800000071575",1,"neutral",7,5
"1509",7,"Posner","0.783399999976155",1,"valid",7,5
"1510",7,"Posner","0.332399999976133",1,"invalid",7,5
"1511",7,"Posner",NA,1,"neutral",7,5
"1512",7,"Posner","0.583499999999958",1,"invalid",7,5
"1513",8,"Stroop","1.9865",1,"0",6,7
"1514",8,"Stroop","2.8985",1,"1",6,7
"1515",8,"Stroop","1.8341",1,"0",6,7
"1516",8,"Stroop","1.5467",1,"0",6,7
"1517",8,"Stroop","1.2222",0,"0",6,7
"1518",8,"Stroop","1.6413",1,"1",6,7
"1519",8,"Stroop","1.3927",1,"0",6,7
"1520",8,"Stroop","1.8485",1,"0",6,7
"1521",8,"Stroop","1.9646",1,"1",6,7
"1522",8,"Stroop","2.1949",1,"0",6,7
"1523",8,"Stroop","0.9634",1,"0",6,7
"1524",8,"Stroop","1.0850",1,"0",6,7
"1525",8,"Stroop","1.0559",1,"1",6,7
"1526",8,"Stroop","1.1641",1,"0",6,7
"1527",8,"Stroop","2.1289",0,"0",6,7
"1528",8,"Stroop","2.9329",1,"0",6,7
"1529",8,"Stroop","0.9487",1,"0",6,7
"1530",8,"Stroop","1.1519",1,"0",6,7
"1531",8,"Stroop","1.0349",1,"0",6,7
"1532",8,"Stroop","1.0999",1,"0",6,7
"1533",8,"Stroop","1.7515",0,"0",6,7
"1534",8,"Stroop","2.0607",1,"0",6,7
"1535",8,"Stroop","1.3282",1,"0",6,7
"1536",8,"Stroop","1.2465",0,"0",6,7
"1537",8,"Stroop","1.6801",1,"1",6,7
"1538",8,"Stroop","1.1297",1,"0",6,7
"1539",8,"Stroop","1.4258",1,"0",6,7
"1540",8,"Stroop","1.1358",1,"1",6,7
"1541",8,"Stroop","0.6599",1,"0",6,7
"1542",8,"Stroop","1.0727",1,"1",6,7
"1543",8,"Stroop","0.5967",1,"0",6,7
"1544",8,"Stroop","0.8192",1,"1",6,7
"1545",8,"Stroop","1.5536",1,"0",6,7
"1546",8,"Stroop","1.0942",1,"0",6,7
"1547",8,"Stroop","2.1218",1,"0",6,7
"1548",8,"Stroop","1.1622",0,"0",6,7
"1549",8,"Stroop","1.3461",1,"0",6,7
"1550",8,"Stroop","1.1467",1,"0",6,7
"1551",8,"Stroop","0.9889",1,"0",6,7
"1552",8,"Stroop","1.9385",1,"0",6,7
"1553",8,"Stroop","1.1351",1,"0",6,7
"1554",8,"Stroop","0.8299",1,"1",6,7
"1555",8,"Stroop","1.5464",1,"1",6,7
"1556",8,"Stroop","1.2479",1,"0",6,7
"1557",8,"Stroop","1.4632",1,"0",6,7
"1558",8,"Stroop","2.0669",1,"1",6,7
"1559",8,"Stroop","0.7646",1,"0",6,7
"1560",8,"Stroop","0.8958",1,"1",6,7
"1561",8,"Stroop","1.1529",1,"1",6,7
"1562",8,"Stroop","0.9319",1,"0",6,7
"1563",8,"Stroop","1.3775",1,"0",6,7
"1564",8,"Stroop","1.7206",1,"0",6,7
"1565",8,"Stroop","1.0311",1,"0",6,7
"1566",8,"Stroop","1.3239",1,"0",6,7
"1567",8,"Stroop","0.8001",1,"1",6,7
"1568",8,"Stroop","1.0841",1,"0",6,7
"1569",8,"Stroop","0.8435",1,"0",6,7
"1570",8,"Stroop","1.0315",1,"0",6,7
"1571",8,"Stroop","0.8989",0,"0",6,7
"1572",8,"Stroop","2.0012",1,"0",6,7
"1573",8,"Stroop","1.1002",1,"0",6,7
"1574",8,"Stroop","2.6622",1,"1",6,7
"1575",8,"Stroop","0.7010",1,"0",6,7
"1576",8,"Stroop","2.3602",1,"1",6,7
"1577",8,"Stroop","1.9064",1,"0",6,7
"1578",8,"Stroop","1.7991",1,"0",6,7
"1579",8,"Stroop","1.0003",1,"0",6,7
"1580",8,"Stroop","1.4989",1,"0",6,7
"1581",8,"Stroop","1.3479",1,"0",6,7
"1582",8,"Stroop","1.0981",1,"0",6,7
"1583",8,"Stroop","0.9364",1,"1",6,7
"1584",8,"Stroop","1.9526",1,"0",6,7
"1585",8,"Stroop","1.1996",1,"1",6,7
"1586",8,"Stroop","1.0190",1,"1",6,7
"1587",8,"Stroop","1.1971",1,"1",6,7
"1588",8,"Stroop","1.7459",1,"0",6,7
"1589",8,"Stroop","0.7102",1,"0",6,7
"1590",8,"Stroop","1.1670",1,"0",6,7
"1591",8,"Stroop","1.0446",1,"0",6,7
"1592",8,"Stroop","1.1213",0,"0",6,7
"1593",8,"Stroop","1.6779",1,"0",6,7
"1594",8,"Stroop","2.4558",0,"0",6,7
"1595",8,"Stroop","2.6130",1,"0",6,7
"1596",8,"Stroop","0.6003",1,"0",6,7
"1597",8,"Stroop","1.4626",1,"0",6,7
"1598",8,"Stroop","1.4298",1,"0",6,7
"1599",8,"Stroop","0.8830",1,"1",6,7
"1600",8,"Stroop","1.2372",1,"1",6,7
"1601",8,"Stroop","2.1505",1,"0",6,7
"1602",8,"Stroop","0.8345",1,"1",6,7
"1603",8,"Stroop","0.7840",1,"0",6,7
"1604",8,"Stroop","0.8061",1,"0",6,7
"1605",8,"Stroop","1.2993",1,"0",6,7
"1606",8,"Stroop","0.9365",1,"0",6,7
"1607",8,"Stroop","1.4381",1,"1",6,7
"1608",8,"Stroop","1.9982",0,"0",6,7
"1609",8,"Posner","0.817400000005932",1,"valid",6,7
"1610",8,"Posner","0.788799999997082",1,"invalid",6,7
"1611",8,"Posner","0.981800000011958",1,"neutral",6,7
"1612",8,"Posner","1.38269999998806",1,"neutral",6,7
"1613",8,"Posner","0.549200000002998",1,"valid",6,7
"1614",8,"Posner","1.0477999999971",1,"valid",6,7
"1615",8,"Posner","0.716499999999996",1,"invalid",6,7
"1616",8,"Posner","0.999299999997106",1,"valid",6,7
"1617",8,"Posner","0.883000000000038",1,"neutral",6,7
"1618",8,"Posner","0.83489999999108",1,"valid",6,7
"1619",8,"Posner","1.23850000000004",1,"invalid",6,7
"1620",8,"Posner","0.599300000011908",1,"valid",6,7
"1621",8,"Posner","0.867799999997033",1,"valid",6,7
"1622",8,"Posner","1.67720000000293",1,"valid",6,7
"1623",8,"Posner","1.447699999988",1,"neutral",6,7
"1624",8,"Posner","1.4325",1,"invalid",6,7
"1625",8,"Posner","0.915400000006002",1,"invalid",6,7
"1626",8,"Posner","1.86450000000002",1,"valid",6,7
"1627",8,"Posner","1.44079999999701",1,"valid",6,7
"1628",8,"Posner","1.26310000000888",1,"neutral",6,7
"1629",8,"Posner","1.36440000000596",1,"valid",6,7
"1630",8,"Posner","1.28250000000003",1,"invalid",6,7
"1631",8,"Posner","0.681200000002946",1,"neutral",6,7
"1632",8,"Posner","1.150200000003",1,"valid",6,7
"1633",8,"Posner","1.13349999999991",1,"valid",6,7
"1634",8,"Posner","1.23179999999707",1,"neutral",6,7
"1635",8,"Posner","1.14870000000292",1,"neutral",6,7
"1636",8,"Posner","1.15000000000009",1,"valid",6,7
"1637",8,"Posner","1.36670000000299",1,"valid",6,7
"1638",8,"Posner","1.38240000000599",1,"invalid",6,7
"1639",8,"Posner","1.81560000000889",1,"valid",6,7
"1640",8,"Posner","0.874299999997106",1,"invalid",6,7
"1641",8,"Posner","1.38199999999995",1,"valid",6,7
"1642",8,"Posner","1.30760000000896",1,"valid",6,7
"1643",8,"Posner","1.29860000000883",1,"valid",6,7
"1644",8,"Posner","1.51779999999701",1,"neutral",6,7
"1645",8,"Posner","0.983799999997018",1,"invalid",6,7
"1646",8,"Posner","1.19849999999997",1,"neutral",6,7
"1647",8,"Posner","1.71760000000893",1,"invalid",6,7
"1648",8,"Posner","1.63320000000294",1,"valid",6,7
"1649",8,"Posner","2.11599999999999",1,"invalid",6,7
"1650",8,"Posner","1.29910000000893",1,"valid",6,7
"1651",8,"Posner","0.483200000002967",1,"invalid",6,7
"1652",8,"Posner","1.48400000000004",1,"valid",6,7
"1653",8,"Posner","0.966800000011858",1,"valid",6,7
"1654",8,"Posner","1.25670000000298",1,"valid",6,7
"1655",8,"Posner","1.54899999999998",1,"neutral",6,7
"1656",8,"Posner","1.19929999999704",1,"neutral",6,7
"1657",8,"Posner","1.05660000000898",1,"valid",6,7
"1658",8,"Posner","0.431599999993978",1,"valid",6,7
"1659",8,"Posner","1.19309999999405",1,"invalid",6,7
"1660",8,"Posner","1.28389999999115",1,"neutral",6,7
"1661",8,"Posner","0.886499999999955",1,"valid",6,7
"1662",8,"Posner","0.466200000002914",1,"invalid",6,7
"1663",8,"Posner","1.44920000000297",1,"neutral",6,7
"1664",8,"Posner","1.54810000000884",1,"valid",6,7
"1665",8,"Posner","0.616399999991017",1,"valid",6,7
"1666",8,"Posner","1.43240000000594",1,"invalid",6,7
"1667",8,"Posner","0.666299999997022",1,"neutral",6,7
"1668",8,"Posner","0.415399999991109",0,"neutral",6,7
"1669",8,"Posner","1.08189999999104",1,"valid",6,7
"1670",8,"Posner","2.09209999999393",1,"valid",6,7
"1671",8,"Posner","1.80100000000004",1,"invalid",6,7
"1672",8,"Posner","1.41600000000005",1,"valid",6,7
"1673",8,"Posner","0.899499999999989",1,"neutral",6,7
"1674",8,"Posner","0.465899999991052",1,"valid",6,7
"1675",8,"Posner","1.5998000000119",1,"valid",6,7
"1676",8,"Posner","0.51609999999414",1,"neutral",6,7
"1677",8,"Posner","1.34889999999098",1,"valid",6,7
"1678",8,"Posner","1.51559999999404",1,"invalid",6,7
"1679",8,"Posner","1.33109999999408",1,"valid",6,7
"1680",8,"Posner","1.73169999998811",1,"invalid",6,7
"1681",8,"Posner","1.7823000000119",1,"valid",6,7
"1682",8,"Posner","1.36329999999703",1,"valid",6,7
"1683",8,"Posner","0.96550000000002",1,"invalid",6,7
"1684",8,"Posner","0.399900000005914",1,"valid",6,7
"1685",8,"Posner","1.11510000000885",1,"valid",6,7
"1686",8,"Posner","1.19940000000588",1,"invalid",6,7
"1687",8,"Posner","1.09900000000005",1,"neutral",6,7
"1688",8,"Posner","1.34510000000887",1,"neutral",6,7
"1689",8,"Posner","0.783200000003035",1,"valid",6,7
"1690",8,"Posner","1.57990000000598",1,"neutral",6,7
"1691",8,"Posner","1.03159999999411",1,"neutral",6,7
"1692",8,"Posner","1.26609999999403",1,"valid",6,7
"1693",8,"Posner","1.26519999998811",1,"invalid",6,7
"1694",8,"Posner","1.18140000000597",1,"invalid",6,7
"1695",8,"Posner","1.24720000000298",1,"valid",6,7
"1696",8,"Posner","1.51479999999697",1,"valid",6,7
"1697",8,"Posner","1.93970000000297",1,"valid",6,7
"1698",8,"Posner","1.36470000000304",1,"valid",6,7
"1699",8,"Posner","0.941600000008975",1,"valid",6,7
"1700",8,"Posner","1.00049999999999",1,"valid",6,7
"1701",8,"Posner","1.29880000001185",1,"invalid",6,7
"1702",8,"Posner","1.70829999999705",1,"neutral",6,7
"1703",8,"Posner","1.28259999999409",1,"invalid",6,7
"1704",8,"Posner","1.08279999999706",1,"neutral",6,7
"1705",8,"Posner","1.41479999999706",1,"invalid",6,7
"1706",8,"Posner","1.16579999999703",1,"invalid",6,7
"1707",8,"Posner","1.41650000000004",1,"valid",6,7
"1708",8,"Posner","1.51599999999996",1,"valid",6,7
"1709",8,"Posner","1.39700000000005",1,"neutral",6,7
"1710",8,"Posner","1.31550000000004",1,"valid",6,7
"1711",8,"Posner","1.41620000000296",1,"valid",6,7
"1712",8,"Posner","1.41550000000007",1,"neutral",6,7
"1713",8,"Posner","1.44170000000304",1,"valid",6,7
"1714",8,"Posner","0.504200000003038",1,"valid",6,7
"1715",8,"Posner","0.508299999997007",1,"neutral",6,7
"1716",8,"Posner","1.63209999999401",1,"valid",6,7
"1717",8,"Posner","0.464399999991087",1,"neutral",6,7
"1718",8,"Posner","1.39879999999698",1,"invalid",6,7
"1719",8,"Posner","1.49890000000596",1,"valid",6,7
"1720",8,"Posner","1.11409999999398",1,"invalid",6,7
"1721",8,"Posner","1.34059999999397",1,"valid",6,7
"1722",8,"Posner","1.23620000000301",1,"valid",6,7
"1723",8,"Posner","1.28270000000293",1,"invalid",6,7
"1724",8,"Posner","1.22440000000597",1,"invalid",6,7
"1725",8,"Posner","0.435599999993997",1,"valid",6,7
"1726",8,"Posner","1.03170000000296",1,"valid",6,7
"1727",8,"Posner","0.402099999994107",1,"neutral",6,7
"1728",8,"Posner","1.66559999999401",1,"neutral",6,7
"1729",NA,NA,NA,NA,NA,6,7
